invoice_id,profile,document
INV-093917,Peppol BIS Billing 3.0,"<Invoice xmlns=""urn:oasis:names:specification:ubl:schema:xsd:Invoice-2""><cbc:CustomizationID>urn:fdc:peppol.eu:2017:poacc:billing:01:1.0</cbc:CustomizationID><cbc:ID>INV-093917</cbc:ID><cbc:IssueDate>2026-01-01</cbc:IssueDate><cbc:DocumentCurrencyCode>EUR</cbc:DocumentCurrencyCode><cac:AccountingSupplierParty><cac:Party><cbc:EndpointID schemeID=""0088"">5854155829774</cbc:EndpointID></cac:Party></cac:AccountingSupplierParty><cac:LegalMonetaryTotal><cbc:PayableAmount currencyID=""EUR"">100.00</cbc:PayableAmount></cac:LegalMonetaryTotal></Invoice>"
INV-050616,Peppol BIS Billing 3.0,"<Invoice xmlns=""urn:oasis:names:specification:ubl:schema:xsd:Invoice-2""><cbc:CustomizationID>urn:fdc:peppol.eu:2017:poacc:billing:01:1.0</cbc:CustomizationID><cbc:ID>INV-050616</cbc:ID><cbc:IssueDate>2026-01-01</cbc:IssueDate><cbc:DocumentCurrencyCode>EUR</cbc:DocumentCurrencyCode><cac:AccountingSupplierParty><cac:Party><cbc:EndpointID schemeID=""0088"">8221114697322</cbc:EndpointID></cac:Party></cac:AccountingSupplierParty><cac:LegalMonetaryTotal><cbc:PayableAmount currencyID=""EUR"">100.00</cbc:PayableAmount></cac:LegalMonetaryTotal></Invoice>"
INV-727574,Peppol BIS Billing 3.0,"<Invoice xmlns=""urn:oasis:names:specification:ubl:schema:xsd:Invoice-2""><cbc:CustomizationID>urn:fdc:peppol.eu:2017:poacc:billing:01:1.0</cbc:CustomizationID><cbc:ID>INV-727574</cbc:ID><cbc:IssueDate>2026-01-01</cbc:IssueDate><cbc:DocumentCurrencyCode>EUR</cbc:DocumentCurrencyCode><cac:AccountingSupplierParty><cac:Party><cbc:EndpointID schemeID=""0088"">2486755541768</cbc:EndpointID></cac:Party></cac:AccountingSupplierParty><cac:LegalMonetaryTotal><cbc:PayableAmount currencyID=""EUR"">100.00</cbc:PayableAmount></cac:LegalMonetaryTotal></Invoice>"
INV-656620,Peppol BIS Billing 3.0,"<Invoice xmlns=""urn:oasis:names:specification:ubl:schema:xsd:Invoice-2""><cbc:CustomizationID>urn:fdc:peppol.eu:2017:poacc:billing:01:1.0</cbc:CustomizationID><cbc:ID>INV-656620</cbc:ID><cbc:IssueDate>2026-01-01</cbc:IssueDate><cbc:DocumentCurrencyCode>EUR</cbc:DocumentCurrencyCode><cac:AccountingSupplierParty><cac:Party><cbc:EndpointID schemeID=""0088"">9633555241077</cbc:EndpointID></cac:Party></cac:AccountingSupplierParty><cac:LegalMonetaryTotal><cbc:PayableAmount currencyID=""EUR"">100.00</cbc:PayableAmount></cac:LegalMonetaryTotal></Invoice>"
INV-480773,Peppol BIS Billing 3.0,"<Invoice xmlns=""urn:oasis:names:specification:ubl:schema:xsd:Invoice-2""><cbc:CustomizationID>urn:fdc:peppol.eu:2017:poacc:billing:01:1.0</cbc:CustomizationID><cbc:ID>INV-480773</cbc:ID><cbc:IssueDate>2026-01-01</cbc:IssueDate><cbc:DocumentCurrencyCode>EUR</cbc:DocumentCurrencyCode><cac:AccountingSupplierParty><cac:Party><cbc:EndpointID schemeID=""0088"">0227856777326</cbc:EndpointID></cac:Party></cac:AccountingSupplierParty><cac:LegalMonetaryTotal><cbc:PayableAmount currencyID=""EUR"">100.00</cbc:PayableAmount></cac:LegalMonetaryTotal></Invoice>"
INV-664675,Peppol BIS Billing 3.0,"<Invoice xmlns=""urn:oasis:names:specification:ubl:schema:xsd:Invoice-2""><cbc:CustomizationID>urn:fdc:peppol.eu:2017:poacc:billing:01:1.0</cbc:CustomizationID><cbc:ID>INV-664675</cbc:ID><cbc:IssueDate>2026-01-01</cbc:IssueDate><cbc:DocumentCurrencyCode>EUR</cbc:DocumentCurrencyCode><cac:AccountingSupplierParty><cac:Party><cbc:EndpointID schemeID=""0088"">3188853023102</cbc:EndpointID></cac:Party></cac:AccountingSupplierParty><cac:LegalMonetaryTotal><cbc:PayableAmount currencyID=""EUR"">100.00</cbc:PayableAmount></cac:LegalMonetaryTotal></Invoice>"
INV-984100,Peppol BIS Billing 3.0,"<Invoice xmlns=""urn:oasis:names:specification:ubl:schema:xsd:Invoice-2""><cbc:CustomizationID>urn:fdc:peppol.eu:2017:poacc:billing:01:1.0</cbc:CustomizationID><cbc:ID>INV-984100</cbc:ID><cbc:IssueDate>2026-01-01</cbc:IssueDate><cbc:DocumentCurrencyCode>EUR</cbc:DocumentCurrencyCode><cac:AccountingSupplierParty><cac:Party><cbc:EndpointID schemeID=""0088"">6553035886664</cbc:EndpointID></cac:Party></cac:AccountingSupplierParty><cac:LegalMonetaryTotal><cbc:PayableAmount currencyID=""EUR"">100.00</cbc:PayableAmount></cac:LegalMonetaryTotal></Invoice>"
INV-276443,Peppol BIS Billing 3.0,"<Invoice xmlns=""urn:oasis:names:specification:ubl:schema:xsd:Invoice-2""><cbc:CustomizationID>urn:fdc:peppol.eu:2017:poacc:billing:01:1.0</cbc:CustomizationID><cbc:ID>INV-276443</cbc:ID><cbc:IssueDate>2026-01-01</cbc:IssueDate><cbc:DocumentCurrencyCode>EUR</cbc:DocumentCurrencyCode><cac:AccountingSupplierParty><cac:Party><cbc:EndpointID schemeID=""0088"">4652306539883</cbc:EndpointID></cac:Party></cac:AccountingSupplierParty><cac:LegalMonetaryTotal><cbc:PayableAmount currencyID=""EUR"">100.00</cbc:PayableAmount></cac:LegalMonetaryTotal></Invoice>"
INV-087605,Peppol BIS Billing 3.0,"<Invoice xmlns=""urn:oasis:names:specification:ubl:schema:xsd:Invoice-2""><cbc:CustomizationID>urn:fdc:peppol.eu:2017:poacc:billing:01:1.0</cbc:CustomizationID><cbc:ID>INV-087605</cbc:ID><cbc:IssueDate>2026-01-01</cbc:IssueDate><cbc:DocumentCurrencyCode>EUR</cbc:DocumentCurrencyCode><cac:AccountingSupplierParty><cac:Party><cbc:EndpointID schemeID=""0088"">2172213200473</cbc:EndpointID></cac:Party></cac:AccountingSupplierParty><cac:LegalMonetaryTotal><cbc:PayableAmount currencyID=""EUR"">100.00</cbc:PayableAmount></cac:LegalMonetaryTotal></Invoice>"
INV-357679,Peppol BIS Billing 3.0,"<Invoice xmlns=""urn:oasis:names:specification:ubl:schema:xsd:Invoice-2""><cbc:CustomizationID>urn:fdc:peppol.eu:2017:poacc:billing:01:1.0</cbc:CustomizationID><cbc:ID>INV-357679</cbc:ID><cbc:IssueDate>2026-01-01</cbc:IssueDate><cbc:DocumentCurrencyCode>EUR</cbc:DocumentCurrencyCode><cac:AccountingSupplierParty><cac:Party><cbc:EndpointID schemeID=""0088"">4716333993454</cbc:EndpointID></cac:Party></cac:AccountingSupplierParty><cac:LegalMonetaryTotal><cbc:PayableAmount currencyID=""EUR"">100.00</cbc:PayableAmount></cac:LegalMonetaryTotal></Invoice>"
INV-980753,Peppol BIS Billing 3.0,"<Invoice xmlns=""urn:oasis:names:specification:ubl:schema:xsd:Invoice-2""><cbc:CustomizationID>urn:fdc:peppol.eu:2017:poacc:billing:01:1.0</cbc:CustomizationID><cbc:ID>INV-980753</cbc:ID><cbc:IssueDate>2026-01-01</cbc:IssueDate><cbc:DocumentCurrencyCode>EUR</cbc:DocumentCurrencyCode><cac:AccountingSupplierParty><cac:Party><cbc:EndpointID schemeID=""0088"">1385139923008</cbc:EndpointID></cac:Party></cac:AccountingSupplierParty><cac:LegalMonetaryTotal><cbc:PayableAmount currencyID=""EUR"">100.00</cbc:PayableAmount></cac:LegalMonetaryTotal></Invoice>"
INV-613806,Peppol BIS Billing 3.0,"<Invoice xmlns=""urn:oasis:names:specification:ubl:schema:xsd:Invoice-2""><cbc:CustomizationID>urn:fdc:peppol.eu:2017:poacc:billing:01:1.0</cbc:CustomizationID><cbc:ID>INV-613806</cbc:ID><cbc:IssueDate>2026-01-01</cbc:IssueDate><cbc:DocumentCurrencyCode>EUR</cbc:DocumentCurrencyCode><cac:AccountingSupplierParty><cac:Party><cbc:EndpointID schemeID=""0088"">1025094066309</cbc:EndpointID></cac:Party></cac:AccountingSupplierParty><cac:LegalMonetaryTotal><cbc:PayableAmount currencyID=""EUR"">100.00</cbc:PayableAmount></cac:LegalMonetaryTotal></Invoice>"
INV-680356,Peppol BIS Billing 3.0,"<Invoice xmlns=""urn:oasis:names:specification:ubl:schema:xsd:Invoice-2""><cbc:CustomizationID>urn:fdc:peppol.eu:2017:poacc:billing:01:1.0</cbc:CustomizationID><cbc:ID>INV-680356</cbc:ID><cbc:IssueDate>2026-01-01</cbc:IssueDate><cbc:DocumentCurrencyCode>EUR</cbc:DocumentCurrencyCode><cac:AccountingSupplierParty><cac:Party><cbc:EndpointID schemeID=""0088"">6430338884942</cbc:EndpointID></cac:Party></cac:AccountingSupplierParty><cac:LegalMonetaryTotal><cbc:PayableAmount currencyID=""EUR"">100.00</cbc:PayableAmount></cac:LegalMonetaryTotal></Invoice>"
INV-578995,Peppol BIS Billing 3.0,"<Invoice xmlns=""urn:oasis:names:specification:ubl:schema:xsd:Invoice-2""><cbc:CustomizationID>urn:fdc:peppol.eu:2017:poacc:billing:01:1.0</cbc:CustomizationID><cbc:ID>INV-578995</cbc:ID><cbc:IssueDate>2026-01-01</cbc:IssueDate><cbc:DocumentCurrencyCode>EUR</cbc:DocumentCurrencyCode><cac:AccountingSupplierParty><cac:Party><cbc:EndpointID schemeID=""0088"">5508388542937</cbc:EndpointID></cac:Party></cac:AccountingSupplierParty><cac:LegalMonetaryTotal><cbc:PayableAmount currencyID=""EUR"">100.00</cbc:PayableAmount></cac:LegalMonetaryTotal></Invoice>"
INV-869823,Peppol BIS Billing 3.0,"<Invoice xmlns=""urn:oasis:names:specification:ubl:schema:xsd:Invoice-2""><cbc:CustomizationID>urn:fdc:peppol.eu:2017:poacc:billing:01:1.0</cbc:CustomizationID><cbc:ID>INV-869823</cbc:ID><cbc:IssueDate>2026-01-01</cbc:IssueDate><cbc:DocumentCurrencyCode>EUR</cbc:DocumentCurrencyCode><cac:AccountingSupplierParty><cac:Party><cbc:EndpointID schemeID=""0088"">6231887710325</cbc:EndpointID></cac:Party></cac:AccountingSupplierParty><cac:LegalMonetaryTotal><cbc:PayableAmount currencyID=""EUR"">100.00</cbc:PayableAmount></cac:LegalMonetaryTotal></Invoice>"
INV-907934,Peppol BIS Billing 3.0,"<Invoice xmlns=""urn:oasis:names:specification:ubl:schema:xsd:Invoice-2""><cbc:CustomizationID>urn:fdc:peppol.eu:2017:poacc:billing:01:1.0</cbc:CustomizationID><cbc:ID>INV-907934</cbc:ID><cbc:IssueDate>2026-01-01</cbc:IssueDate><cbc:DocumentCurrencyCode>EUR</cbc:DocumentCurrencyCode><cac:AccountingSupplierParty><cac:Party><cbc:EndpointID schemeID=""0088"">0232170630653</cbc:EndpointID></cac:Party></cac:AccountingSupplierParty><cac:LegalMonetaryTotal><cbc:PayableAmount currencyID=""EUR"">100.00</cbc:PayableAmount></cac:LegalMonetaryTotal></Invoice>"
INV-591246,Peppol BIS Billing 3.0,"<Invoice xmlns=""urn:oasis:names:specification:ubl:schema:xsd:Invoice-2""><cbc:CustomizationID>urn:fdc:peppol.eu:2017:poacc:billing:01:1.0</cbc:CustomizationID><cbc:ID>INV-591246</cbc:ID><cbc:IssueDate>2026-01-01</cbc:IssueDate><cbc:DocumentCurrencyCode>EUR</cbc:DocumentCurrencyCode><cac:AccountingSupplierParty><cac:Party><cbc:EndpointID schemeID=""0088"">3788983950749</cbc:EndpointID></cac:Party></cac:AccountingSupplierParty><cac:LegalMonetaryTotal><cbc:PayableAmount currencyID=""EUR"">100.00</cbc:PayableAmount></cac:LegalMonetaryTotal></Invoice>"
INV-728440,Peppol BIS Billing 3.0,"<Invoice xmlns=""urn:oasis:names:specification:ubl:schema:xsd:Invoice-2""><cbc:CustomizationID>urn:fdc:peppol.eu:2017:poacc:billing:01:1.0</cbc:CustomizationID><cbc:ID>INV-728440</cbc:ID><cbc:IssueDate>2026-01-01</cbc:IssueDate><cbc:DocumentCurrencyCode>EUR</cbc:DocumentCurrencyCode><cac:AccountingSupplierParty><cac:Party><cbc:EndpointID schemeID=""0088"">2370086756875</cbc:EndpointID></cac:Party></cac:AccountingSupplierParty><cac:LegalMonetaryTotal><cbc:PayableAmount currencyID=""EUR"">100.00</cbc:PayableAmount></cac:LegalMonetaryTotal></Invoice>"
INV-526545,Peppol BIS Billing 3.0,"<Invoice xmlns=""urn:oasis:names:specification:ubl:schema:xsd:Invoice-2""><cbc:CustomizationID>urn:fdc:peppol.eu:2017:poacc:billing:01:1.0</cbc:CustomizationID><cbc:ID>INV-526545</cbc:ID><cbc:IssueDate>2026-01-01</cbc:IssueDate><cbc:DocumentCurrencyCode>EUR</cbc:DocumentCurrencyCode><cac:AccountingSupplierParty><cac:Party><cbc:EndpointID schemeID=""0088"">8887061465804</cbc:EndpointID></cac:Party></cac:AccountingSupplierParty><cac:LegalMonetaryTotal><cbc:PayableAmount currencyID=""EUR"">100.00</cbc:PayableAmount></cac:LegalMonetaryTotal></Invoice>"
INV-595522,Peppol BIS Billing 3.0,"<Invoice xmlns=""urn:oasis:names:specification:ubl:schema:xsd:Invoice-2""><cbc:CustomizationID>urn:fdc:peppol.eu:2017:poacc:billing:01:1.0</cbc:CustomizationID><cbc:ID>INV-595522</cbc:ID><cbc:IssueDate>2026-01-01</cbc:IssueDate><cbc:DocumentCurrencyCode>EUR</cbc:DocumentCurrencyCode><cac:AccountingSupplierParty><cac:Party><cbc:EndpointID schemeID=""0088"">7711906198311</cbc:EndpointID></cac:Party></cac:AccountingSupplierParty><cac:LegalMonetaryTotal><cbc:PayableAmount currencyID=""EUR"">100.00</cbc:PayableAmount></cac:LegalMonetaryTotal></Invoice>"
INV-201439,Peppol BIS Billing 3.0,"<Invoice xmlns=""urn:oasis:names:specification:ubl:schema:xsd:Invoice-2""><cbc:CustomizationID>urn:fdc:peppol.eu:2017:poacc:billing:01:1.0</cbc:CustomizationID><cbc:ID>INV-201439</cbc:ID><cbc:IssueDate>2026-01-01</cbc:IssueDate><cbc:DocumentCurrencyCode>EUR</cbc:DocumentCurrencyCode><cac:AccountingSupplierParty><cac:Party><cbc:EndpointID schemeID=""0088"">2985915124196</cbc:EndpointID></cac:Party></cac:AccountingSupplierParty><cac:LegalMonetaryTotal><cbc:PayableAmount currencyID=""EUR"">100.00</cbc:PayableAmount></cac:LegalMonetaryTotal></Invoice>"
INV-416884,Peppol BIS Billing 3.0,"<Invoice xmlns=""urn:oasis:names:specification:ubl:schema:xsd:Invoice-2""><cbc:CustomizationID>urn:fdc:peppol.eu:2017:poacc:billing:01:1.0</cbc:CustomizationID><cbc:ID>INV-416884</cbc:ID><cbc:IssueDate>2026-01-01</cbc:IssueDate><cbc:DocumentCurrencyCode>EUR</cbc:DocumentCurrencyCode><cac:AccountingSupplierParty><cac:Party><cbc:EndpointID schemeID=""0088"">4237811969176</cbc:EndpointID></cac:Party></cac:AccountingSupplierParty><cac:LegalMonetaryTotal><cbc:PayableAmount currencyID=""EUR"">100.00</cbc:PayableAmount></cac:LegalMonetaryTotal></Invoice>"
INV-791918,Peppol BIS Billing 3.0,"<Invoice xmlns=""urn:oasis:names:specification:ubl:schema:xsd:Invoice-2""><cbc:CustomizationID>urn:fdc:peppol.eu:2017:poacc:billing:01:1.0</cbc:CustomizationID><cbc:ID>INV-791918</cbc:ID><cbc:IssueDate>2026-01-01</cbc:IssueDate><cbc:DocumentCurrencyCode>EUR</cbc:DocumentCurrencyCode><cac:AccountingSupplierParty><cac:Party><cbc:EndpointID schemeID=""0088"">3845778394611</cbc:EndpointID></cac:Party></cac:AccountingSupplierParty><cac:LegalMonetaryTotal><cbc:PayableAmount currencyID=""EUR"">100.00</cbc:PayableAmount></cac:LegalMonetaryTotal></Invoice>"
INV-032058,Peppol BIS Billing 3.0,"<Invoice xmlns=""urn:oasis:names:specification:ubl:schema:xsd:Invoice-2""><cbc:CustomizationID>urn:fdc:peppol.eu:2017:poacc:billing:01:1.0</cbc:CustomizationID><cbc:ID>INV-032058</cbc:ID><cbc:IssueDate>2026-01-01</cbc:IssueDate><cbc:DocumentCurrencyCode>EUR</cbc:DocumentCurrencyCode><cac:AccountingSupplierParty><cac:Party><cbc:EndpointID schemeID=""0088"">0237792059674</cbc:EndpointID></cac:Party></cac:AccountingSupplierParty><cac:LegalMonetaryTotal><cbc:PayableAmount currencyID=""EUR"">100.00</cbc:PayableAmount></cac:LegalMonetaryTotal></Invoice>"
INV-973186,Peppol BIS Billing 3.0,"<Invoice xmlns=""urn:oasis:names:specification:ubl:schema:xsd:Invoice-2""><cbc:CustomizationID>urn:fdc:peppol.eu:2017:poacc:billing:01:1.0</cbc:CustomizationID><cbc:ID>INV-973186</cbc:ID><cbc:IssueDate>2026-01-01</cbc:IssueDate><cbc:DocumentCurrencyCode>EUR</cbc:DocumentCurrencyCode><cac:AccountingSupplierParty><cac:Party><cbc:EndpointID schemeID=""0088"">2423710680886</cbc:EndpointID></cac:Party></cac:AccountingSupplierParty><cac:LegalMonetaryTotal><cbc:PayableAmount currencyID=""EUR"">100.00</cbc:PayableAmount></cac:LegalMonetaryTotal></Invoice>"
INV-507297,Peppol BIS Billing 3.0,"<Invoice xmlns=""urn:oasis:names:specification:ubl:schema:xsd:Invoice-2""><cbc:CustomizationID>urn:fdc:peppol.eu:2017:poacc:billing:01:1.0</cbc:CustomizationID><cbc:ID>INV-507297</cbc:ID><cbc:IssueDate>2026-01-01</cbc:IssueDate><cbc:DocumentCurrencyCode>EUR</cbc:DocumentCurrencyCode><cac:AccountingSupplierParty><cac:Party><cbc:EndpointID schemeID=""0088"">7522220844029</cbc:EndpointID></cac:Party></cac:AccountingSupplierParty><cac:LegalMonetaryTotal><cbc:PayableAmount currencyID=""EUR"">100.00</cbc:PayableAmount></cac:LegalMonetaryTotal></Invoice>"
INV-622618,Peppol BIS Billing 3.0,"<Invoice xmlns=""urn:oasis:names:specification:ubl:schema:xsd:Invoice-2""><cbc:CustomizationID>urn:fdc:peppol.eu:2017:poacc:billing:01:1.0</cbc:CustomizationID><cbc:ID>INV-622618</cbc:ID><cbc:IssueDate>2026-01-01</cbc:IssueDate><cbc:DocumentCurrencyCode>EUR</cbc:DocumentCurrencyCode><cac:AccountingSupplierParty><cac:Party><cbc:EndpointID schemeID=""0088"">6954215578274</cbc:EndpointID></cac:Party></cac:AccountingSupplierParty><cac:LegalMonetaryTotal><cbc:PayableAmount currencyID=""EUR"">100.00</cbc:PayableAmount></cac:LegalMonetaryTotal></Invoice>"
INV-356138,Peppol BIS Billing 3.0,"<Invoice xmlns=""urn:oasis:names:specification:ubl:schema:xsd:Invoice-2""><cbc:CustomizationID>urn:fdc:peppol.eu:2017:poacc:billing:01:1.0</cbc:CustomizationID><cbc:ID>INV-356138</cbc:ID><cbc:IssueDate>2026-01-01</cbc:IssueDate><cbc:DocumentCurrencyCode>EUR</cbc:DocumentCurrencyCode><cac:AccountingSupplierParty><cac:Party><cbc:EndpointID schemeID=""0088"">9416773068475</cbc:EndpointID></cac:Party></cac:AccountingSupplierParty><cac:LegalMonetaryTotal><cbc:PayableAmount currencyID=""EUR"">100.00</cbc:PayableAmount></cac:LegalMonetaryTotal></Invoice>"
INV-849684,Peppol BIS Billing 3.0,"<Invoice xmlns=""urn:oasis:names:specification:ubl:schema:xsd:Invoice-2""><cbc:CustomizationID>urn:fdc:peppol.eu:2017:poacc:billing:01:1.0</cbc:CustomizationID><cbc:ID>INV-849684</cbc:ID><cbc:IssueDate>2026-01-01</cbc:IssueDate><cbc:DocumentCurrencyCode>EUR</cbc:DocumentCurrencyCode><cac:AccountingSupplierParty><cac:Party><cbc:EndpointID schemeID=""0088"">1235948479495</cbc:EndpointID></cac:Party></cac:AccountingSupplierParty><cac:LegalMonetaryTotal><cbc:PayableAmount currencyID=""EUR"">100.00</cbc:PayableAmount></cac:LegalMonetaryTotal></Invoice>"
INV-578506,Peppol BIS Billing 3.0,"<Invoice xmlns=""urn:oasis:names:specification:ubl:schema:xsd:Invoice-2""><cbc:CustomizationID>urn:fdc:peppol.eu:2017:poacc:billing:01:1.0</cbc:CustomizationID><cbc:ID>INV-578506</cbc:ID><cbc:IssueDate>2026-01-01</cbc:IssueDate><cbc:DocumentCurrencyCode>EUR</cbc:DocumentCurrencyCode><cac:AccountingSupplierParty><cac:Party><cbc:EndpointID schemeID=""0088"">6522478393604</cbc:EndpointID></cac:Party></cac:AccountingSupplierParty><cac:LegalMonetaryTotal><cbc:PayableAmount currencyID=""EUR"">100.00</cbc:PayableAmount></cac:LegalMonetaryTotal></Invoice>"
INV-016301,Peppol BIS Billing 3.0,"<Invoice xmlns=""urn:oasis:names:specification:ubl:schema:xsd:Invoice-2""><cbc:CustomizationID>urn:fdc:peppol.eu:2017:poacc:billing:01:1.0</cbc:CustomizationID><cbc:ID>INV-016301</cbc:ID><cbc:IssueDate>2026-01-01</cbc:IssueDate><cbc:DocumentCurrencyCode>EUR</cbc:DocumentCurrencyCode><cac:AccountingSupplierParty><cac:Party><cbc:EndpointID schemeID=""0088"">7561408872672</cbc:EndpointID></cac:Party></cac:AccountingSupplierParty><cac:LegalMonetaryTotal><cbc:PayableAmount currencyID=""EUR"">100.00</cbc:PayableAmount></cac:LegalMonetaryTotal></Invoice>"
INV-764784,Peppol BIS Billing 3.0,"<Invoice xmlns=""urn:oasis:names:specification:ubl:schema:xsd:Invoice-2""><cbc:CustomizationID>urn:fdc:peppol.eu:2017:poacc:billing:01:1.0</cbc:CustomizationID><cbc:ID>INV-764784</cbc:ID><cbc:IssueDate>2026-01-01</cbc:IssueDate><cbc:DocumentCurrencyCode>EUR</cbc:DocumentCurrencyCode><cac:AccountingSupplierParty><cac:Party><cbc:EndpointID schemeID=""0088"">1279323668738</cbc:EndpointID></cac:Party></cac:AccountingSupplierParty><cac:LegalMonetaryTotal><cbc:PayableAmount currencyID=""EUR"">100.00</cbc:PayableAmount></cac:LegalMonetaryTotal></Invoice>"
INV-869010,Peppol BIS Billing 3.0,"<Invoice xmlns=""urn:oasis:names:specification:ubl:schema:xsd:Invoice-2""><cbc:CustomizationID>urn:fdc:peppol.eu:2017:poacc:billing:01:1.0</cbc:CustomizationID><cbc:ID>INV-869010</cbc:ID><cbc:IssueDate>2026-01-01</cbc:IssueDate><cbc:DocumentCurrencyCode>EUR</cbc:DocumentCurrencyCode><cac:AccountingSupplierParty><cac:Party><cbc:EndpointID schemeID=""0088"">4949732085473</cbc:EndpointID></cac:Party></cac:AccountingSupplierParty><cac:LegalMonetaryTotal><cbc:PayableAmount currencyID=""EUR"">100.00</cbc:PayableAmount></cac:LegalMonetaryTotal></Invoice>"
INV-709741,Peppol BIS Billing 3.0,"<Invoice xmlns=""urn:oasis:names:specification:ubl:schema:xsd:Invoice-2""><cbc:CustomizationID>urn:fdc:peppol.eu:2017:poacc:billing:01:1.0</cbc:CustomizationID><cbc:ID>INV-709741</cbc:ID><cbc:IssueDate>2026-01-01</cbc:IssueDate><cbc:DocumentCurrencyCode>EUR</cbc:DocumentCurrencyCode><cac:AccountingSupplierParty><cac:Party><cbc:EndpointID schemeID=""0088"">4692940240196</cbc:EndpointID></cac:Party></cac:AccountingSupplierParty><cac:LegalMonetaryTotal><cbc:PayableAmount currencyID=""EUR"">100.00</cbc:PayableAmount></cac:LegalMonetaryTotal></Invoice>"
INV-582407,Peppol BIS Billing 3.0,"<Invoice xmlns=""urn:oasis:names:specification:ubl:schema:xsd:Invoice-2""><cbc:CustomizationID>urn:fdc:peppol.eu:2017:poacc:billing:01:1.0</cbc:CustomizationID><cbc:ID>INV-582407</cbc:ID><cbc:IssueDate>2026-01-01</cbc:IssueDate><cbc:DocumentCurrencyCode>EUR</cbc:DocumentCurrencyCode><cac:AccountingSupplierParty><cac:Party><cbc:EndpointID schemeID=""0088"">7981412393953</cbc:EndpointID></cac:Party></cac:AccountingSupplierParty><cac:LegalMonetaryTotal><cbc:PayableAmount currencyID=""EUR"">100.00</cbc:PayableAmount></cac:LegalMonetaryTotal></Invoice>"
INV-772010,Peppol BIS Billing 3.0,"<Invoice xmlns=""urn:oasis:names:specification:ubl:schema:xsd:Invoice-2""><cbc:CustomizationID>urn:fdc:peppol.eu:2017:poacc:billing:01:1.0</cbc:CustomizationID><cbc:ID>INV-772010</cbc:ID><cbc:IssueDate>2026-01-01</cbc:IssueDate><cbc:DocumentCurrencyCode>EUR</cbc:DocumentCurrencyCode><cac:AccountingSupplierParty><cac:Party><cbc:EndpointID schemeID=""0088"">8415533380052</cbc:EndpointID></cac:Party></cac:AccountingSupplierParty><cac:LegalMonetaryTotal><cbc:PayableAmount currencyID=""EUR"">100.00</cbc:PayableAmount></cac:LegalMonetaryTotal></Invoice>"
INV-918062,Peppol BIS Billing 3.0,"<Invoice xmlns=""urn:oasis:names:specification:ubl:schema:xsd:Invoice-2""><cbc:CustomizationID>urn:fdc:peppol.eu:2017:poacc:billing:01:1.0</cbc:CustomizationID><cbc:ID>INV-918062</cbc:ID><cbc:IssueDate>2026-01-01</cbc:IssueDate><cbc:DocumentCurrencyCode>EUR</cbc:DocumentCurrencyCode><cac:AccountingSupplierParty><cac:Party><cbc:EndpointID schemeID=""0088"">4472653061820</cbc:EndpointID></cac:Party></cac:AccountingSupplierParty><cac:LegalMonetaryTotal><cbc:PayableAmount currencyID=""EUR"">100.00</cbc:PayableAmount></cac:LegalMonetaryTotal></Invoice>"
INV-260201,Peppol BIS Billing 3.0,"<Invoice xmlns=""urn:oasis:names:specification:ubl:schema:xsd:Invoice-2""><cbc:CustomizationID>urn:fdc:peppol.eu:2017:poacc:billing:01:1.0</cbc:CustomizationID><cbc:ID>INV-260201</cbc:ID><cbc:IssueDate>2026-01-01</cbc:IssueDate><cbc:DocumentCurrencyCode>EUR</cbc:DocumentCurrencyCode><cac:AccountingSupplierParty><cac:Party><cbc:EndpointID schemeID=""0088"">4326579576395</cbc:EndpointID></cac:Party></cac:AccountingSupplierParty><cac:LegalMonetaryTotal><cbc:PayableAmount currencyID=""EUR"">100.00</cbc:PayableAmount></cac:LegalMonetaryTotal></Invoice>"
INV-128179,Peppol BIS Billing 3.0,"<Invoice xmlns=""urn:oasis:names:specification:ubl:schema:xsd:Invoice-2""><cbc:CustomizationID>urn:fdc:peppol.eu:2017:poacc:billing:01:1.0</cbc:CustomizationID><cbc:ID>INV-128179</cbc:ID><cbc:IssueDate>2026-01-01</cbc:IssueDate><cbc:DocumentCurrencyCode>EUR</cbc:DocumentCurrencyCode><cac:AccountingSupplierParty><cac:Party><cbc:EndpointID schemeID=""0088"">7629822189012</cbc:EndpointID></cac:Party></cac:AccountingSupplierParty><cac:LegalMonetaryTotal><cbc:PayableAmount currencyID=""EUR"">100.00</cbc:PayableAmount></cac:LegalMonetaryTotal></Invoice>"
INV-727621,Peppol BIS Billing 3.0,"<Invoice xmlns=""urn:oasis:names:specification:ubl:schema:xsd:Invoice-2""><cbc:CustomizationID>urn:fdc:peppol.eu:2017:poacc:billing:01:1.0</cbc:CustomizationID><cbc:ID>INV-727621</cbc:ID><cbc:IssueDate>2026-01-01</cbc:IssueDate><cbc:DocumentCurrencyCode>EUR</cbc:DocumentCurrencyCode><cac:AccountingSupplierParty><cac:Party><cbc:EndpointID schemeID=""0088"">0823738556502</cbc:EndpointID></cac:Party></cac:AccountingSupplierParty><cac:LegalMonetaryTotal><cbc:PayableAmount currencyID=""EUR"">100.00</cbc:PayableAmount></cac:LegalMonetaryTotal></Invoice>"
INV-581668,Peppol BIS Billing 3.0,"<Invoice xmlns=""urn:oasis:names:specification:ubl:schema:xsd:Invoice-2""><cbc:CustomizationID>urn:fdc:peppol.eu:2017:poacc:billing:01:1.0</cbc:CustomizationID><cbc:ID>INV-581668</cbc:ID><cbc:IssueDate>2026-01-01</cbc:IssueDate><cbc:DocumentCurrencyCode>EUR</cbc:DocumentCurrencyCode><cac:AccountingSupplierParty><cac:Party><cbc:EndpointID schemeID=""0088"">4924520332458</cbc:EndpointID></cac:Party></cac:AccountingSupplierParty><cac:LegalMonetaryTotal><cbc:PayableAmount currencyID=""EUR"">100.00</cbc:PayableAmount></cac:LegalMonetaryTotal></Invoice>"
INV-930130,Peppol BIS Billing 3.0,"<Invoice xmlns=""urn:oasis:names:specification:ubl:schema:xsd:Invoice-2""><cbc:CustomizationID>urn:fdc:peppol.eu:2017:poacc:billing:01:1.0</cbc:CustomizationID><cbc:ID>INV-930130</cbc:ID><cbc:IssueDate>2026-01-01</cbc:IssueDate><cbc:DocumentCurrencyCode>EUR</cbc:DocumentCurrencyCode><cac:AccountingSupplierParty><cac:Party><cbc:EndpointID schemeID=""0088"">8916333098951</cbc:EndpointID></cac:Party></cac:AccountingSupplierParty><cac:LegalMonetaryTotal><cbc:PayableAmount currencyID=""EUR"">100.00</cbc:PayableAmount></cac:LegalMonetaryTotal></Invoice>"
INV-865717,Peppol BIS Billing 3.0,"<Invoice xmlns=""urn:oasis:names:specification:ubl:schema:xsd:Invoice-2""><cbc:CustomizationID>urn:fdc:peppol.eu:2017:poacc:billing:01:1.0</cbc:CustomizationID><cbc:ID>INV-865717</cbc:ID><cbc:IssueDate>2026-01-01</cbc:IssueDate><cbc:DocumentCurrencyCode>EUR</cbc:DocumentCurrencyCode><cac:AccountingSupplierParty><cac:Party><cbc:EndpointID schemeID=""0088"">2939604565842</cbc:EndpointID></cac:Party></cac:AccountingSupplierParty><cac:LegalMonetaryTotal><cbc:PayableAmount currencyID=""EUR"">100.00</cbc:PayableAmount></cac:LegalMonetaryTotal></Invoice>"
INV-436960,Peppol BIS Billing 3.0,"<Invoice xmlns=""urn:oasis:names:specification:ubl:schema:xsd:Invoice-2""><cbc:CustomizationID>urn:fdc:peppol.eu:2017:poacc:billing:01:1.0</cbc:CustomizationID><cbc:ID>INV-436960</cbc:ID><cbc:IssueDate>2026-01-01</cbc:IssueDate><cbc:DocumentCurrencyCode>EUR</cbc:DocumentCurrencyCode><cac:AccountingSupplierParty><cac:Party><cbc:EndpointID schemeID=""0088"">8659470985132</cbc:EndpointID></cac:Party></cac:AccountingSupplierParty><cac:LegalMonetaryTotal><cbc:PayableAmount currencyID=""EUR"">100.00</cbc:PayableAmount></cac:LegalMonetaryTotal></Invoice>"
INV-636596,Peppol BIS Billing 3.0,"<Invoice xmlns=""urn:oasis:names:specification:ubl:schema:xsd:Invoice-2""><cbc:CustomizationID>urn:fdc:peppol.eu:2017:poacc:billing:01:1.0</cbc:CustomizationID><cbc:ID>INV-636596</cbc:ID><cbc:IssueDate>2026-01-01</cbc:IssueDate><cbc:DocumentCurrencyCode>EUR</cbc:DocumentCurrencyCode><cac:AccountingSupplierParty><cac:Party><cbc:EndpointID schemeID=""0088"">0639291922215</cbc:EndpointID></cac:Party></cac:AccountingSupplierParty><cac:LegalMonetaryTotal><cbc:PayableAmount currencyID=""EUR"">100.00</cbc:PayableAmount></cac:LegalMonetaryTotal></Invoice>"
INV-710728,Peppol BIS Billing 3.0,"<Invoice xmlns=""urn:oasis:names:specification:ubl:schema:xsd:Invoice-2""><cbc:CustomizationID>urn:fdc:peppol.eu:2017:poacc:billing:01:1.0</cbc:CustomizationID><cbc:ID>INV-710728</cbc:ID><cbc:IssueDate>2026-01-01</cbc:IssueDate><cbc:DocumentCurrencyCode>EUR</cbc:DocumentCurrencyCode><cac:AccountingSupplierParty><cac:Party><cbc:EndpointID schemeID=""0088"">2863533218648</cbc:EndpointID></cac:Party></cac:AccountingSupplierParty><cac:LegalMonetaryTotal><cbc:PayableAmount currencyID=""EUR"">100.00</cbc:PayableAmount></cac:LegalMonetaryTotal></Invoice>"
INV-393896,Peppol BIS Billing 3.0,"<Invoice xmlns=""urn:oasis:names:specification:ubl:schema:xsd:Invoice-2""><cbc:CustomizationID>urn:fdc:peppol.eu:2017:poacc:billing:01:1.0</cbc:CustomizationID><cbc:ID>INV-393896</cbc:ID><cbc:IssueDate>2026-01-01</cbc:IssueDate><cbc:DocumentCurrencyCode>EUR</cbc:DocumentCurrencyCode><cac:AccountingSupplierParty><cac:Party><cbc:EndpointID schemeID=""0088"">1230495358216</cbc:EndpointID></cac:Party></cac:AccountingSupplierParty><cac:LegalMonetaryTotal><cbc:PayableAmount currencyID=""EUR"">100.00</cbc:PayableAmount></cac:LegalMonetaryTotal></Invoice>"
INV-830953,Peppol BIS Billing 3.0,"<Invoice xmlns=""urn:oasis:names:specification:ubl:schema:xsd:Invoice-2""><cbc:CustomizationID>urn:fdc:peppol.eu:2017:poacc:billing:01:1.0</cbc:CustomizationID><cbc:ID>INV-830953</cbc:ID><cbc:IssueDate>2026-01-01</cbc:IssueDate><cbc:DocumentCurrencyCode>EUR</cbc:DocumentCurrencyCode><cac:AccountingSupplierParty><cac:Party><cbc:EndpointID schemeID=""0088"">5104166211365</cbc:EndpointID></cac:Party></cac:AccountingSupplierParty><cac:LegalMonetaryTotal><cbc:PayableAmount currencyID=""EUR"">100.00</cbc:PayableAmount></cac:LegalMonetaryTotal></Invoice>"
INV-311555,Peppol BIS Billing 3.0,"<Invoice xmlns=""urn:oasis:names:specification:ubl:schema:xsd:Invoice-2""><cbc:CustomizationID>urn:fdc:peppol.eu:2017:poacc:billing:01:1.0</cbc:CustomizationID><cbc:ID>INV-311555</cbc:ID><cbc:IssueDate>2026-01-01</cbc:IssueDate><cbc:DocumentCurrencyCode>EUR</cbc:DocumentCurrencyCode><cac:AccountingSupplierParty><cac:Party><cbc:EndpointID schemeID=""0088"">4371561017677</cbc:EndpointID></cac:Party></cac:AccountingSupplierParty><cac:LegalMonetaryTotal><cbc:PayableAmount currencyID=""EUR"">100.00</cbc:PayableAmount></cac:LegalMonetaryTotal></Invoice>"
INV-221186,Peppol BIS Billing 3.0,"<Invoice xmlns=""urn:oasis:names:specification:ubl:schema:xsd:Invoice-2""><cbc:CustomizationID>urn:fdc:peppol.eu:2017:poacc:billing:01:1.0</cbc:CustomizationID><cbc:ID>INV-221186</cbc:ID><cbc:IssueDate>2026-01-01</cbc:IssueDate><cbc:DocumentCurrencyCode>EUR</cbc:DocumentCurrencyCode><cac:AccountingSupplierParty><cac:Party><cbc:EndpointID schemeID=""0088"">9760731362017</cbc:EndpointID></cac:Party></cac:AccountingSupplierParty><cac:LegalMonetaryTotal><cbc:PayableAmount currencyID=""EUR"">100.00</cbc:PayableAmount></cac:LegalMonetaryTotal></Invoice>"
INV-296484,Peppol BIS Billing 3.0,"<Invoice xmlns=""urn:oasis:names:specification:ubl:schema:xsd:Invoice-2""><cbc:CustomizationID>urn:fdc:peppol.eu:2017:poacc:billing:01:1.0</cbc:CustomizationID><cbc:ID>INV-296484</cbc:ID><cbc:IssueDate>2026-01-01</cbc:IssueDate><cbc:DocumentCurrencyCode>EUR</cbc:DocumentCurrencyCode><cac:AccountingSupplierParty><cac:Party><cbc:EndpointID schemeID=""0088"">5178649820587</cbc:EndpointID></cac:Party></cac:AccountingSupplierParty><cac:LegalMonetaryTotal><cbc:PayableAmount currencyID=""EUR"">100.00</cbc:PayableAmount></cac:LegalMonetaryTotal></Invoice>"
INV-825928,Peppol BIS Billing 3.0,"<Invoice xmlns=""urn:oasis:names:specification:ubl:schema:xsd:Invoice-2""><cbc:CustomizationID>urn:fdc:peppol.eu:2017:poacc:billing:01:1.0</cbc:CustomizationID><cbc:ID>INV-825928</cbc:ID><cbc:IssueDate>2026-01-01</cbc:IssueDate><cbc:DocumentCurrencyCode>EUR</cbc:DocumentCurrencyCode><cac:AccountingSupplierParty><cac:Party><cbc:EndpointID schemeID=""0088"">3859956068196</cbc:EndpointID></cac:Party></cac:AccountingSupplierParty><cac:LegalMonetaryTotal><cbc:PayableAmount currencyID=""EUR"">100.00</cbc:PayableAmount></cac:LegalMonetaryTotal></Invoice>"
INV-814333,Peppol BIS Billing 3.0,"<Invoice xmlns=""urn:oasis:names:specification:ubl:schema:xsd:Invoice-2""><cbc:CustomizationID>urn:fdc:peppol.eu:2017:poacc:billing:01:1.0</cbc:CustomizationID><cbc:ID>INV-814333</cbc:ID><cbc:IssueDate>2026-01-01</cbc:IssueDate><cbc:DocumentCurrencyCode>EUR</cbc:DocumentCurrencyCode><cac:AccountingSupplierParty><cac:Party><cbc:EndpointID schemeID=""0088"">4104033102710</cbc:EndpointID></cac:Party></cac:AccountingSupplierParty><cac:LegalMonetaryTotal><cbc:PayableAmount currencyID=""EUR"">100.00</cbc:PayableAmount></cac:LegalMonetaryTotal></Invoice>"
INV-641408,Peppol BIS Billing 3.0,"<Invoice xmlns=""urn:oasis:names:specification:ubl:schema:xsd:Invoice-2""><cbc:CustomizationID>urn:fdc:peppol.eu:2017:poacc:billing:01:1.0</cbc:CustomizationID><cbc:ID>INV-641408</cbc:ID><cbc:IssueDate>2026-01-01</cbc:IssueDate><cbc:DocumentCurrencyCode>EUR</cbc:DocumentCurrencyCode><cac:AccountingSupplierParty><cac:Party><cbc:EndpointID schemeID=""0088"">2245560895542</cbc:EndpointID></cac:Party></cac:AccountingSupplierParty><cac:LegalMonetaryTotal><cbc:PayableAmount currencyID=""EUR"">100.00</cbc:PayableAmount></cac:LegalMonetaryTotal></Invoice>"
INV-336350,Peppol BIS Billing 3.0,"<Invoice xmlns=""urn:oasis:names:specification:ubl:schema:xsd:Invoice-2""><cbc:CustomizationID>urn:fdc:peppol.eu:2017:poacc:billing:01:1.0</cbc:CustomizationID><cbc:ID>INV-336350</cbc:ID><cbc:IssueDate>2026-01-01</cbc:IssueDate><cbc:DocumentCurrencyCode>EUR</cbc:DocumentCurrencyCode><cac:AccountingSupplierParty><cac:Party><cbc:EndpointID schemeID=""0088"">9702795952668</cbc:EndpointID></cac:Party></cac:AccountingSupplierParty><cac:LegalMonetaryTotal><cbc:PayableAmount currencyID=""EUR"">100.00</cbc:PayableAmount></cac:LegalMonetaryTotal></Invoice>"
INV-482680,Peppol BIS Billing 3.0,"<Invoice xmlns=""urn:oasis:names:specification:ubl:schema:xsd:Invoice-2""><cbc:CustomizationID>urn:fdc:peppol.eu:2017:poacc:billing:01:1.0</cbc:CustomizationID><cbc:ID>INV-482680</cbc:ID><cbc:IssueDate>2026-01-01</cbc:IssueDate><cbc:DocumentCurrencyCode>EUR</cbc:DocumentCurrencyCode><cac:AccountingSupplierParty><cac:Party><cbc:EndpointID schemeID=""0088"">0141820090718</cbc:EndpointID></cac:Party></cac:AccountingSupplierParty><cac:LegalMonetaryTotal><cbc:PayableAmount currencyID=""EUR"">100.00</cbc:PayableAmount></cac:LegalMonetaryTotal></Invoice>"
INV-548417,Peppol BIS Billing 3.0,"<Invoice xmlns=""urn:oasis:names:specification:ubl:schema:xsd:Invoice-2""><cbc:CustomizationID>urn:fdc:peppol.eu:2017:poacc:billing:01:1.0</cbc:CustomizationID><cbc:ID>INV-548417</cbc:ID><cbc:IssueDate>2026-01-01</cbc:IssueDate><cbc:DocumentCurrencyCode>EUR</cbc:DocumentCurrencyCode><cac:AccountingSupplierParty><cac:Party><cbc:EndpointID schemeID=""0088"">6198303312565</cbc:EndpointID></cac:Party></cac:AccountingSupplierParty><cac:LegalMonetaryTotal><cbc:PayableAmount currencyID=""EUR"">100.00</cbc:PayableAmount></cac:LegalMonetaryTotal></Invoice>"
INV-958721,Peppol BIS Billing 3.0,"<Invoice xmlns=""urn:oasis:names:specification:ubl:schema:xsd:Invoice-2""><cbc:CustomizationID>urn:fdc:peppol.eu:2017:poacc:billing:01:1.0</cbc:CustomizationID><cbc:ID>INV-958721</cbc:ID><cbc:IssueDate>2026-01-01</cbc:IssueDate><cbc:DocumentCurrencyCode>EUR</cbc:DocumentCurrencyCode><cac:AccountingSupplierParty><cac:Party><cbc:EndpointID schemeID=""0088"">0252789059103</cbc:EndpointID></cac:Party></cac:AccountingSupplierParty><cac:LegalMonetaryTotal><cbc:PayableAmount currencyID=""EUR"">100.00</cbc:PayableAmount></cac:LegalMonetaryTotal></Invoice>"
INV-483020,Peppol BIS Billing 3.0,"<Invoice xmlns=""urn:oasis:names:specification:ubl:schema:xsd:Invoice-2""><cbc:CustomizationID>urn:fdc:peppol.eu:2017:poacc:billing:01:1.0</cbc:CustomizationID><cbc:ID>INV-483020</cbc:ID><cbc:IssueDate>2026-01-01</cbc:IssueDate><cbc:DocumentCurrencyCode>EUR</cbc:DocumentCurrencyCode><cac:AccountingSupplierParty><cac:Party><cbc:EndpointID schemeID=""0088"">4683946048804</cbc:EndpointID></cac:Party></cac:AccountingSupplierParty><cac:LegalMonetaryTotal><cbc:PayableAmount currencyID=""EUR"">100.00</cbc:PayableAmount></cac:LegalMonetaryTotal></Invoice>"
INV-005029,Peppol BIS Billing 3.0,"<Invoice xmlns=""urn:oasis:names:specification:ubl:schema:xsd:Invoice-2""><cbc:CustomizationID>urn:fdc:peppol.eu:2017:poacc:billing:01:1.0</cbc:CustomizationID><cbc:ID>INV-005029</cbc:ID><cbc:IssueDate>2026-01-01</cbc:IssueDate><cbc:DocumentCurrencyCode>EUR</cbc:DocumentCurrencyCode><cac:AccountingSupplierParty><cac:Party><cbc:EndpointID schemeID=""0088"">6201253918438</cbc:EndpointID></cac:Party></cac:AccountingSupplierParty><cac:LegalMonetaryTotal><cbc:PayableAmount currencyID=""EUR"">100.00</cbc:PayableAmount></cac:LegalMonetaryTotal></Invoice>"
INV-845185,Peppol BIS Billing 3.0,"<Invoice xmlns=""urn:oasis:names:specification:ubl:schema:xsd:Invoice-2""><cbc:CustomizationID>urn:fdc:peppol.eu:2017:poacc:billing:01:1.0</cbc:CustomizationID><cbc:ID>INV-845185</cbc:ID><cbc:IssueDate>2026-01-01</cbc:IssueDate><cbc:DocumentCurrencyCode>EUR</cbc:DocumentCurrencyCode><cac:AccountingSupplierParty><cac:Party><cbc:EndpointID schemeID=""0088"">6105110382803</cbc:EndpointID></cac:Party></cac:AccountingSupplierParty><cac:LegalMonetaryTotal><cbc:PayableAmount currencyID=""EUR"">100.00</cbc:PayableAmount></cac:LegalMonetaryTotal></Invoice>"
INV-641533,Peppol BIS Billing 3.0,"<Invoice xmlns=""urn:oasis:names:specification:ubl:schema:xsd:Invoice-2""><cbc:CustomizationID>urn:fdc:peppol.eu:2017:poacc:billing:01:1.0</cbc:CustomizationID><cbc:ID>INV-641533</cbc:ID><cbc:IssueDate>2026-01-01</cbc:IssueDate><cbc:DocumentCurrencyCode>EUR</cbc:DocumentCurrencyCode><cac:AccountingSupplierParty><cac:Party><cbc:EndpointID schemeID=""0088"">2835241031221</cbc:EndpointID></cac:Party></cac:AccountingSupplierParty><cac:LegalMonetaryTotal><cbc:PayableAmount currencyID=""EUR"">100.00</cbc:PayableAmount></cac:LegalMonetaryTotal></Invoice>"
INV-640491,Peppol BIS Billing 3.0,"<Invoice xmlns=""urn:oasis:names:specification:ubl:schema:xsd:Invoice-2""><cbc:CustomizationID>urn:fdc:peppol.eu:2017:poacc:billing:01:1.0</cbc:CustomizationID><cbc:ID>INV-640491</cbc:ID><cbc:IssueDate>2026-01-01</cbc:IssueDate><cbc:DocumentCurrencyCode>EUR</cbc:DocumentCurrencyCode><cac:AccountingSupplierParty><cac:Party><cbc:EndpointID schemeID=""0088"">5680991478856</cbc:EndpointID></cac:Party></cac:AccountingSupplierParty><cac:LegalMonetaryTotal><cbc:PayableAmount currencyID=""EUR"">100.00</cbc:PayableAmount></cac:LegalMonetaryTotal></Invoice>"
INV-636251,Peppol BIS Billing 3.0,"<Invoice xmlns=""urn:oasis:names:specification:ubl:schema:xsd:Invoice-2""><cbc:CustomizationID>urn:fdc:peppol.eu:2017:poacc:billing:01:1.0</cbc:CustomizationID><cbc:ID>INV-636251</cbc:ID><cbc:IssueDate>2026-01-01</cbc:IssueDate><cbc:DocumentCurrencyCode>EUR</cbc:DocumentCurrencyCode><cac:AccountingSupplierParty><cac:Party><cbc:EndpointID schemeID=""0088"">9253834167454</cbc:EndpointID></cac:Party></cac:AccountingSupplierParty><cac:LegalMonetaryTotal><cbc:PayableAmount currencyID=""EUR"">100.00</cbc:PayableAmount></cac:LegalMonetaryTotal></Invoice>"
INV-721929,Peppol BIS Billing 3.0,"<Invoice xmlns=""urn:oasis:names:specification:ubl:schema:xsd:Invoice-2""><cbc:CustomizationID>urn:fdc:peppol.eu:2017:poacc:billing:01:1.0</cbc:CustomizationID><cbc:ID>INV-721929</cbc:ID><cbc:IssueDate>2026-01-01</cbc:IssueDate><cbc:DocumentCurrencyCode>EUR</cbc:DocumentCurrencyCode><cac:AccountingSupplierParty><cac:Party><cbc:EndpointID schemeID=""0088"">4598122239870</cbc:EndpointID></cac:Party></cac:AccountingSupplierParty><cac:LegalMonetaryTotal><cbc:PayableAmount currencyID=""EUR"">100.00</cbc:PayableAmount></cac:LegalMonetaryTotal></Invoice>"
INV-146975,Peppol BIS Billing 3.0,"<Invoice xmlns=""urn:oasis:names:specification:ubl:schema:xsd:Invoice-2""><cbc:CustomizationID>urn:fdc:peppol.eu:2017:poacc:billing:01:1.0</cbc:CustomizationID><cbc:ID>INV-146975</cbc:ID><cbc:IssueDate>2026-01-01</cbc:IssueDate><cbc:DocumentCurrencyCode>EUR</cbc:DocumentCurrencyCode><cac:AccountingSupplierParty><cac:Party><cbc:EndpointID schemeID=""0088"">6870244024430</cbc:EndpointID></cac:Party></cac:AccountingSupplierParty><cac:LegalMonetaryTotal><cbc:PayableAmount currencyID=""EUR"">100.00</cbc:PayableAmount></cac:LegalMonetaryTotal></Invoice>"
INV-947012,Peppol BIS Billing 3.0,"<Invoice xmlns=""urn:oasis:names:specification:ubl:schema:xsd:Invoice-2""><cbc:CustomizationID>urn:fdc:peppol.eu:2017:poacc:billing:01:1.0</cbc:CustomizationID><cbc:ID>INV-947012</cbc:ID><cbc:IssueDate>2026-01-01</cbc:IssueDate><cbc:DocumentCurrencyCode>EUR</cbc:DocumentCurrencyCode><cac:AccountingSupplierParty><cac:Party><cbc:EndpointID schemeID=""0088"">1917440987186</cbc:EndpointID></cac:Party></cac:AccountingSupplierParty><cac:LegalMonetaryTotal><cbc:PayableAmount currencyID=""EUR"">100.00</cbc:PayableAmount></cac:LegalMonetaryTotal></Invoice>"
INV-904909,Peppol BIS Billing 3.0,"<Invoice xmlns=""urn:oasis:names:specification:ubl:schema:xsd:Invoice-2""><cbc:CustomizationID>urn:fdc:peppol.eu:2017:poacc:billing:01:1.0</cbc:CustomizationID><cbc:ID>INV-904909</cbc:ID><cbc:IssueDate>2026-01-01</cbc:IssueDate><cbc:DocumentCurrencyCode>EUR</cbc:DocumentCurrencyCode><cac:AccountingSupplierParty><cac:Party><cbc:EndpointID schemeID=""0088"">6240935585312</cbc:EndpointID></cac:Party></cac:AccountingSupplierParty><cac:LegalMonetaryTotal><cbc:PayableAmount currencyID=""EUR"">100.00</cbc:PayableAmount></cac:LegalMonetaryTotal></Invoice>"
INV-922843,Peppol BIS Billing 3.0,"<Invoice xmlns=""urn:oasis:names:specification:ubl:schema:xsd:Invoice-2""><cbc:CustomizationID>urn:fdc:peppol.eu:2017:poacc:billing:01:1.0</cbc:CustomizationID><cbc:ID>INV-922843</cbc:ID><cbc:IssueDate>2026-01-01</cbc:IssueDate><cbc:DocumentCurrencyCode>EUR</cbc:DocumentCurrencyCode><cac:AccountingSupplierParty><cac:Party><cbc:EndpointID schemeID=""0088"">3151883031490</cbc:EndpointID></cac:Party></cac:AccountingSupplierParty><cac:LegalMonetaryTotal><cbc:PayableAmount currencyID=""EUR"">100.00</cbc:PayableAmount></cac:LegalMonetaryTotal></Invoice>"
INV-982972,Peppol BIS Billing 3.0,"<Invoice xmlns=""urn:oasis:names:specification:ubl:schema:xsd:Invoice-2""><cbc:CustomizationID>urn:fdc:peppol.eu:2017:poacc:billing:01:1.0</cbc:CustomizationID><cbc:ID>INV-982972</cbc:ID><cbc:IssueDate>2026-01-01</cbc:IssueDate><cbc:DocumentCurrencyCode>EUR</cbc:DocumentCurrencyCode><cac:AccountingSupplierParty><cac:Party><cbc:EndpointID schemeID=""0088"">7028248558416</cbc:EndpointID></cac:Party></cac:AccountingSupplierParty><cac:LegalMonetaryTotal><cbc:PayableAmount currencyID=""EUR"">100.00</cbc:PayableAmount></cac:LegalMonetaryTotal></Invoice>"
INV-780678,Peppol BIS Billing 3.0,"<Invoice xmlns=""urn:oasis:names:specification:ubl:schema:xsd:Invoice-2""><cbc:CustomizationID>urn:fdc:peppol.eu:2017:poacc:billing:01:1.0</cbc:CustomizationID><cbc:ID>INV-780678</cbc:ID><cbc:IssueDate>2026-01-01</cbc:IssueDate><cbc:DocumentCurrencyCode>EUR</cbc:DocumentCurrencyCode><cac:AccountingSupplierParty><cac:Party><cbc:EndpointID schemeID=""0088"">0325039288464</cbc:EndpointID></cac:Party></cac:AccountingSupplierParty><cac:LegalMonetaryTotal><cbc:PayableAmount currencyID=""EUR"">100.00</cbc:PayableAmount></cac:LegalMonetaryTotal></Invoice>"
INV-101557,Peppol BIS Billing 3.0,"<Invoice xmlns=""urn:oasis:names:specification:ubl:schema:xsd:Invoice-2""><cbc:CustomizationID>urn:fdc:peppol.eu:2017:poacc:billing:01:1.0</cbc:CustomizationID><cbc:ID>INV-101557</cbc:ID><cbc:IssueDate>2026-01-01</cbc:IssueDate><cbc:DocumentCurrencyCode>EUR</cbc:DocumentCurrencyCode><cac:AccountingSupplierParty><cac:Party><cbc:EndpointID schemeID=""0088"">2054509197140</cbc:EndpointID></cac:Party></cac:AccountingSupplierParty><cac:LegalMonetaryTotal><cbc:PayableAmount currencyID=""EUR"">100.00</cbc:PayableAmount></cac:LegalMonetaryTotal></Invoice>"
INV-644409,Peppol BIS Billing 3.0,"<Invoice xmlns=""urn:oasis:names:specification:ubl:schema:xsd:Invoice-2""><cbc:CustomizationID>urn:fdc:peppol.eu:2017:poacc:billing:01:1.0</cbc:CustomizationID><cbc:ID>INV-644409</cbc:ID><cbc:IssueDate>2026-01-01</cbc:IssueDate><cbc:DocumentCurrencyCode>EUR</cbc:DocumentCurrencyCode><cac:AccountingSupplierParty><cac:Party><cbc:EndpointID schemeID=""0088"">4423896219473</cbc:EndpointID></cac:Party></cac:AccountingSupplierParty><cac:LegalMonetaryTotal><cbc:PayableAmount currencyID=""EUR"">100.00</cbc:PayableAmount></cac:LegalMonetaryTotal></Invoice>"
INV-172099,Peppol BIS Billing 3.0,"<Invoice xmlns=""urn:oasis:names:specification:ubl:schema:xsd:Invoice-2""><cbc:CustomizationID>urn:fdc:peppol.eu:2017:poacc:billing:01:1.0</cbc:CustomizationID><cbc:ID>INV-172099</cbc:ID><cbc:IssueDate>2026-01-01</cbc:IssueDate><cbc:DocumentCurrencyCode>EUR</cbc:DocumentCurrencyCode><cac:AccountingSupplierParty><cac:Party><cbc:EndpointID schemeID=""0088"">2980670771895</cbc:EndpointID></cac:Party></cac:AccountingSupplierParty><cac:LegalMonetaryTotal><cbc:PayableAmount currencyID=""EUR"">100.00</cbc:PayableAmount></cac:LegalMonetaryTotal></Invoice>"
INV-333662,Peppol BIS Billing 3.0,"<Invoice xmlns=""urn:oasis:names:specification:ubl:schema:xsd:Invoice-2""><cbc:CustomizationID>urn:fdc:peppol.eu:2017:poacc:billing:01:1.0</cbc:CustomizationID><cbc:ID>INV-333662</cbc:ID><cbc:IssueDate>2026-01-01</cbc:IssueDate><cbc:DocumentCurrencyCode>EUR</cbc:DocumentCurrencyCode><cac:AccountingSupplierParty><cac:Party><cbc:EndpointID schemeID=""0088"">2518527841969</cbc:EndpointID></cac:Party></cac:AccountingSupplierParty><cac:LegalMonetaryTotal><cbc:PayableAmount currencyID=""EUR"">100.00</cbc:PayableAmount></cac:LegalMonetaryTotal></Invoice>"
INV-615316,Peppol BIS Billing 3.0,"<Invoice xmlns=""urn:oasis:names:specification:ubl:schema:xsd:Invoice-2""><cbc:CustomizationID>urn:fdc:peppol.eu:2017:poacc:billing:01:1.0</cbc:CustomizationID><cbc:ID>INV-615316</cbc:ID><cbc:IssueDate>2026-01-01</cbc:IssueDate><cbc:DocumentCurrencyCode>EUR</cbc:DocumentCurrencyCode><cac:AccountingSupplierParty><cac:Party><cbc:EndpointID schemeID=""0088"">6978545845610</cbc:EndpointID></cac:Party></cac:AccountingSupplierParty><cac:LegalMonetaryTotal><cbc:PayableAmount currencyID=""EUR"">100.00</cbc:PayableAmount></cac:LegalMonetaryTotal></Invoice>"
INV-082759,Peppol BIS Billing 3.0,"<Invoice xmlns=""urn:oasis:names:specification:ubl:schema:xsd:Invoice-2""><cbc:CustomizationID>urn:fdc:peppol.eu:2017:poacc:billing:01:1.0</cbc:CustomizationID><cbc:ID>INV-082759</cbc:ID><cbc:IssueDate>2026-01-01</cbc:IssueDate><cbc:DocumentCurrencyCode>EUR</cbc:DocumentCurrencyCode><cac:AccountingSupplierParty><cac:Party><cbc:EndpointID schemeID=""0088"">1194558926180</cbc:EndpointID></cac:Party></cac:AccountingSupplierParty><cac:LegalMonetaryTotal><cbc:PayableAmount currencyID=""EUR"">100.00</cbc:PayableAmount></cac:LegalMonetaryTotal></Invoice>"
INV-599550,Peppol BIS Billing 3.0,"<Invoice xmlns=""urn:oasis:names:specification:ubl:schema:xsd:Invoice-2""><cbc:CustomizationID>urn:fdc:peppol.eu:2017:poacc:billing:01:1.0</cbc:CustomizationID><cbc:ID>INV-599550</cbc:ID><cbc:IssueDate>2026-01-01</cbc:IssueDate><cbc:DocumentCurrencyCode>EUR</cbc:DocumentCurrencyCode><cac:AccountingSupplierParty><cac:Party><cbc:EndpointID schemeID=""0088"">0959928394751</cbc:EndpointID></cac:Party></cac:AccountingSupplierParty><cac:LegalMonetaryTotal><cbc:PayableAmount currencyID=""EUR"">100.00</cbc:PayableAmount></cac:LegalMonetaryTotal></Invoice>"
INV-152526,Peppol BIS Billing 3.0,"<Invoice xmlns=""urn:oasis:names:specification:ubl:schema:xsd:Invoice-2""><cbc:CustomizationID>urn:fdc:peppol.eu:2017:poacc:billing:01:1.0</cbc:CustomizationID><cbc:ID>INV-152526</cbc:ID><cbc:IssueDate>2026-01-01</cbc:IssueDate><cbc:DocumentCurrencyCode>EUR</cbc:DocumentCurrencyCode><cac:AccountingSupplierParty><cac:Party><cbc:EndpointID schemeID=""0088"">7618107398103</cbc:EndpointID></cac:Party></cac:AccountingSupplierParty><cac:LegalMonetaryTotal><cbc:PayableAmount currencyID=""EUR"">100.00</cbc:PayableAmount></cac:LegalMonetaryTotal></Invoice>"
INV-903313,Peppol BIS Billing 3.0,"<Invoice xmlns=""urn:oasis:names:specification:ubl:schema:xsd:Invoice-2""><cbc:CustomizationID>urn:fdc:peppol.eu:2017:poacc:billing:01:1.0</cbc:CustomizationID><cbc:ID>INV-903313</cbc:ID><cbc:IssueDate>2026-01-01</cbc:IssueDate><cbc:DocumentCurrencyCode>EUR</cbc:DocumentCurrencyCode><cac:AccountingSupplierParty><cac:Party><cbc:EndpointID schemeID=""0088"">5454413815623</cbc:EndpointID></cac:Party></cac:AccountingSupplierParty><cac:LegalMonetaryTotal><cbc:PayableAmount currencyID=""EUR"">100.00</cbc:PayableAmount></cac:LegalMonetaryTotal></Invoice>"
INV-879584,Peppol BIS Billing 3.0,"<Invoice xmlns=""urn:oasis:names:specification:ubl:schema:xsd:Invoice-2""><cbc:CustomizationID>urn:fdc:peppol.eu:2017:poacc:billing:01:1.0</cbc:CustomizationID><cbc:ID>INV-879584</cbc:ID><cbc:IssueDate>2026-01-01</cbc:IssueDate><cbc:DocumentCurrencyCode>EUR</cbc:DocumentCurrencyCode><cac:AccountingSupplierParty><cac:Party><cbc:EndpointID schemeID=""0088"">4616540940328</cbc:EndpointID></cac:Party></cac:AccountingSupplierParty><cac:LegalMonetaryTotal><cbc:PayableAmount currencyID=""EUR"">100.00</cbc:PayableAmount></cac:LegalMonetaryTotal></Invoice>"
INV-999883,Peppol BIS Billing 3.0,"<Invoice xmlns=""urn:oasis:names:specification:ubl:schema:xsd:Invoice-2""><cbc:CustomizationID>urn:fdc:peppol.eu:2017:poacc:billing:01:1.0</cbc:CustomizationID><cbc:ID>INV-999883</cbc:ID><cbc:IssueDate>2026-01-01</cbc:IssueDate><cbc:DocumentCurrencyCode>EUR</cbc:DocumentCurrencyCode><cac:AccountingSupplierParty><cac:Party><cbc:EndpointID schemeID=""0088"">8144489103371</cbc:EndpointID></cac:Party></cac:AccountingSupplierParty><cac:LegalMonetaryTotal><cbc:PayableAmount currencyID=""EUR"">100.00</cbc:PayableAmount></cac:LegalMonetaryTotal></Invoice>"
INV-223047,Peppol BIS Billing 3.0,"<Invoice xmlns=""urn:oasis:names:specification:ubl:schema:xsd:Invoice-2""><cbc:CustomizationID>urn:fdc:peppol.eu:2017:poacc:billing:01:1.0</cbc:CustomizationID><cbc:ID>INV-223047</cbc:ID><cbc:IssueDate>2026-01-01</cbc:IssueDate><cbc:DocumentCurrencyCode>EUR</cbc:DocumentCurrencyCode><cac:AccountingSupplierParty><cac:Party><cbc:EndpointID schemeID=""0088"">1268209001305</cbc:EndpointID></cac:Party></cac:AccountingSupplierParty><cac:LegalMonetaryTotal><cbc:PayableAmount currencyID=""EUR"">100.00</cbc:PayableAmount></cac:LegalMonetaryTotal></Invoice>"
INV-305836,Peppol BIS Billing 3.0,"<Invoice xmlns=""urn:oasis:names:specification:ubl:schema:xsd:Invoice-2""><cbc:CustomizationID>urn:fdc:peppol.eu:2017:poacc:billing:01:1.0</cbc:CustomizationID><cbc:ID>INV-305836</cbc:ID><cbc:IssueDate>2026-01-01</cbc:IssueDate><cbc:DocumentCurrencyCode>EUR</cbc:DocumentCurrencyCode><cac:AccountingSupplierParty><cac:Party><cbc:EndpointID schemeID=""0088"">9290552952869</cbc:EndpointID></cac:Party></cac:AccountingSupplierParty><cac:LegalMonetaryTotal><cbc:PayableAmount currencyID=""EUR"">100.00</cbc:PayableAmount></cac:LegalMonetaryTotal></Invoice>"
INV-453091,Peppol BIS Billing 3.0,"<Invoice xmlns=""urn:oasis:names:specification:ubl:schema:xsd:Invoice-2""><cbc:CustomizationID>urn:fdc:peppol.eu:2017:poacc:billing:01:1.0</cbc:CustomizationID><cbc:ID>INV-453091</cbc:ID><cbc:IssueDate>2026-01-01</cbc:IssueDate><cbc:DocumentCurrencyCode>EUR</cbc:DocumentCurrencyCode><cac:AccountingSupplierParty><cac:Party><cbc:EndpointID schemeID=""0088"">7353999655168</cbc:EndpointID></cac:Party></cac:AccountingSupplierParty><cac:LegalMonetaryTotal><cbc:PayableAmount currencyID=""EUR"">100.00</cbc:PayableAmount></cac:LegalMonetaryTotal></Invoice>"
INV-947534,Peppol BIS Billing 3.0,"<Invoice xmlns=""urn:oasis:names:specification:ubl:schema:xsd:Invoice-2""><cbc:CustomizationID>urn:fdc:peppol.eu:2017:poacc:billing:01:1.0</cbc:CustomizationID><cbc:ID>INV-947534</cbc:ID><cbc:IssueDate>2026-01-01</cbc:IssueDate><cbc:DocumentCurrencyCode>EUR</cbc:DocumentCurrencyCode><cac:AccountingSupplierParty><cac:Party><cbc:EndpointID schemeID=""0088"">0876359467999</cbc:EndpointID></cac:Party></cac:AccountingSupplierParty><cac:LegalMonetaryTotal><cbc:PayableAmount currencyID=""EUR"">100.00</cbc:PayableAmount></cac:LegalMonetaryTotal></Invoice>"
INV-698942,Peppol BIS Billing 3.0,"<Invoice xmlns=""urn:oasis:names:specification:ubl:schema:xsd:Invoice-2""><cbc:CustomizationID>urn:fdc:peppol.eu:2017:poacc:billing:01:1.0</cbc:CustomizationID><cbc:ID>INV-698942</cbc:ID><cbc:IssueDate>2026-01-01</cbc:IssueDate><cbc:DocumentCurrencyCode>EUR</cbc:DocumentCurrencyCode><cac:AccountingSupplierParty><cac:Party><cbc:EndpointID schemeID=""0088"">4196253427932</cbc:EndpointID></cac:Party></cac:AccountingSupplierParty><cac:LegalMonetaryTotal><cbc:PayableAmount currencyID=""EUR"">100.00</cbc:PayableAmount></cac:LegalMonetaryTotal></Invoice>"
INV-785830,Peppol BIS Billing 3.0,"<Invoice xmlns=""urn:oasis:names:specification:ubl:schema:xsd:Invoice-2""><cbc:CustomizationID>urn:fdc:peppol.eu:2017:poacc:billing:01:1.0</cbc:CustomizationID><cbc:ID>INV-785830</cbc:ID><cbc:IssueDate>2026-01-01</cbc:IssueDate><cbc:DocumentCurrencyCode>EUR</cbc:DocumentCurrencyCode><cac:AccountingSupplierParty><cac:Party><cbc:EndpointID schemeID=""0088"">3491457160461</cbc:EndpointID></cac:Party></cac:AccountingSupplierParty><cac:LegalMonetaryTotal><cbc:PayableAmount currencyID=""EUR"">100.00</cbc:PayableAmount></cac:LegalMonetaryTotal></Invoice>"
INV-418564,Peppol BIS Billing 3.0,"<Invoice xmlns=""urn:oasis:names:specification:ubl:schema:xsd:Invoice-2""><cbc:CustomizationID>urn:fdc:peppol.eu:2017:poacc:billing:01:1.0</cbc:CustomizationID><cbc:ID>INV-418564</cbc:ID><cbc:IssueDate>2026-01-01</cbc:IssueDate><cbc:DocumentCurrencyCode>EUR</cbc:DocumentCurrencyCode><cac:AccountingSupplierParty><cac:Party><cbc:EndpointID schemeID=""0088"">9162884532292</cbc:EndpointID></cac:Party></cac:AccountingSupplierParty><cac:LegalMonetaryTotal><cbc:PayableAmount currencyID=""EUR"">100.00</cbc:PayableAmount></cac:LegalMonetaryTotal></Invoice>"
INV-515185,Peppol BIS Billing 3.0,"<Invoice xmlns=""urn:oasis:names:specification:ubl:schema:xsd:Invoice-2""><cbc:CustomizationID>urn:fdc:peppol.eu:2017:poacc:billing:01:1.0</cbc:CustomizationID><cbc:ID>INV-515185</cbc:ID><cbc:IssueDate>2026-01-01</cbc:IssueDate><cbc:DocumentCurrencyCode>EUR</cbc:DocumentCurrencyCode><cac:AccountingSupplierParty><cac:Party><cbc:EndpointID schemeID=""0088"">4704990008901</cbc:EndpointID></cac:Party></cac:AccountingSupplierParty><cac:LegalMonetaryTotal><cbc:PayableAmount currencyID=""EUR"">100.00</cbc:PayableAmount></cac:LegalMonetaryTotal></Invoice>"
INV-995107,Peppol BIS Billing 3.0,"<Invoice xmlns=""urn:oasis:names:specification:ubl:schema:xsd:Invoice-2""><cbc:CustomizationID>urn:fdc:peppol.eu:2017:poacc:billing:01:1.0</cbc:CustomizationID><cbc:ID>INV-995107</cbc:ID><cbc:IssueDate>2026-01-01</cbc:IssueDate><cbc:DocumentCurrencyCode>EUR</cbc:DocumentCurrencyCode><cac:AccountingSupplierParty><cac:Party><cbc:EndpointID schemeID=""0088"">2158644724574</cbc:EndpointID></cac:Party></cac:AccountingSupplierParty><cac:LegalMonetaryTotal><cbc:PayableAmount currencyID=""EUR"">100.00</cbc:PayableAmount></cac:LegalMonetaryTotal></Invoice>"
INV-065039,Peppol BIS Billing 3.0,"<Invoice xmlns=""urn:oasis:names:specification:ubl:schema:xsd:Invoice-2""><cbc:CustomizationID>urn:fdc:peppol.eu:2017:poacc:billing:01:1.0</cbc:CustomizationID><cbc:ID>INV-065039</cbc:ID><cbc:IssueDate>2026-01-01</cbc:IssueDate><cbc:DocumentCurrencyCode>EUR</cbc:DocumentCurrencyCode><cac:AccountingSupplierParty><cac:Party><cbc:EndpointID schemeID=""0088"">0327334517903</cbc:EndpointID></cac:Party></cac:AccountingSupplierParty><cac:LegalMonetaryTotal><cbc:PayableAmount currencyID=""EUR"">100.00</cbc:PayableAmount></cac:LegalMonetaryTotal></Invoice>"
INV-278864,Peppol BIS Billing 3.0,"<Invoice xmlns=""urn:oasis:names:specification:ubl:schema:xsd:Invoice-2""><cbc:CustomizationID>urn:fdc:peppol.eu:2017:poacc:billing:01:1.0</cbc:CustomizationID><cbc:ID>INV-278864</cbc:ID><cbc:IssueDate>2026-01-01</cbc:IssueDate><cbc:DocumentCurrencyCode>EUR</cbc:DocumentCurrencyCode><cac:AccountingSupplierParty><cac:Party><cbc:EndpointID schemeID=""0088"">2572680902299</cbc:EndpointID></cac:Party></cac:AccountingSupplierParty><cac:LegalMonetaryTotal><cbc:PayableAmount currencyID=""EUR"">100.00</cbc:PayableAmount></cac:LegalMonetaryTotal></Invoice>"
INV-461671,Peppol BIS Billing 3.0,"<Invoice xmlns=""urn:oasis:names:specification:ubl:schema:xsd:Invoice-2""><cbc:CustomizationID>urn:fdc:peppol.eu:2017:poacc:billing:01:1.0</cbc:CustomizationID><cbc:ID>INV-461671</cbc:ID><cbc:IssueDate>2026-01-01</cbc:IssueDate><cbc:DocumentCurrencyCode>EUR</cbc:DocumentCurrencyCode><cac:AccountingSupplierParty><cac:Party><cbc:EndpointID schemeID=""0088"">4858713991710</cbc:EndpointID></cac:Party></cac:AccountingSupplierParty><cac:LegalMonetaryTotal><cbc:PayableAmount currencyID=""EUR"">100.00</cbc:PayableAmount></cac:LegalMonetaryTotal></Invoice>"
INV-647925,Peppol BIS Billing 3.0,"<Invoice xmlns=""urn:oasis:names:specification:ubl:schema:xsd:Invoice-2""><cbc:CustomizationID>urn:fdc:peppol.eu:2017:poacc:billing:01:1.0</cbc:CustomizationID><cbc:ID>INV-647925</cbc:ID><cbc:IssueDate>2026-01-01</cbc:IssueDate><cbc:DocumentCurrencyCode>EUR</cbc:DocumentCurrencyCode><cac:AccountingSupplierParty><cac:Party><cbc:EndpointID schemeID=""0088"">6343636181864</cbc:EndpointID></cac:Party></cac:AccountingSupplierParty><cac:LegalMonetaryTotal><cbc:PayableAmount currencyID=""EUR"">100.00</cbc:PayableAmount></cac:LegalMonetaryTotal></Invoice>"
INV-274753,Peppol BIS Billing 3.0,"<Invoice xmlns=""urn:oasis:names:specification:ubl:schema:xsd:Invoice-2""><cbc:CustomizationID>urn:fdc:peppol.eu:2017:poacc:billing:01:1.0</cbc:CustomizationID><cbc:ID>INV-274753</cbc:ID><cbc:IssueDate>2026-01-01</cbc:IssueDate><cbc:DocumentCurrencyCode>EUR</cbc:DocumentCurrencyCode><cac:AccountingSupplierParty><cac:Party><cbc:EndpointID schemeID=""0088"">6654470871207</cbc:EndpointID></cac:Party></cac:AccountingSupplierParty><cac:LegalMonetaryTotal><cbc:PayableAmount currencyID=""EUR"">100.00</cbc:PayableAmount></cac:LegalMonetaryTotal></Invoice>"
INV-822681,Peppol BIS Billing 3.0,"<Invoice xmlns=""urn:oasis:names:specification:ubl:schema:xsd:Invoice-2""><cbc:CustomizationID>urn:fdc:peppol.eu:2017:poacc:billing:01:1.0</cbc:CustomizationID><cbc:ID>INV-822681</cbc:ID><cbc:IssueDate>2026-01-01</cbc:IssueDate><cbc:DocumentCurrencyCode>EUR</cbc:DocumentCurrencyCode><cac:AccountingSupplierParty><cac:Party><cbc:EndpointID schemeID=""0088"">2965830833030</cbc:EndpointID></cac:Party></cac:AccountingSupplierParty><cac:LegalMonetaryTotal><cbc:PayableAmount currencyID=""EUR"">100.00</cbc:PayableAmount></cac:LegalMonetaryTotal></Invoice>"
INV-103772,Peppol BIS Billing 3.0,"<Invoice xmlns=""urn:oasis:names:specification:ubl:schema:xsd:Invoice-2""><cbc:CustomizationID>urn:fdc:peppol.eu:2017:poacc:billing:01:1.0</cbc:CustomizationID><cbc:ID>INV-103772</cbc:ID><cbc:IssueDate>2026-01-01</cbc:IssueDate><cbc:DocumentCurrencyCode>EUR</cbc:DocumentCurrencyCode><cac:AccountingSupplierParty><cac:Party><cbc:EndpointID schemeID=""0088"">8618280717943</cbc:EndpointID></cac:Party></cac:AccountingSupplierParty><cac:LegalMonetaryTotal><cbc:PayableAmount currencyID=""EUR"">100.00</cbc:PayableAmount></cac:LegalMonetaryTotal></Invoice>"
INV-835513,Peppol BIS Billing 3.0,"<Invoice xmlns=""urn:oasis:names:specification:ubl:schema:xsd:Invoice-2""><cbc:CustomizationID>urn:fdc:peppol.eu:2017:poacc:billing:01:1.0</cbc:CustomizationID><cbc:ID>INV-835513</cbc:ID><cbc:IssueDate>2026-01-01</cbc:IssueDate><cbc:DocumentCurrencyCode>EUR</cbc:DocumentCurrencyCode><cac:AccountingSupplierParty><cac:Party><cbc:EndpointID schemeID=""0088"">5288555750131</cbc:EndpointID></cac:Party></cac:AccountingSupplierParty><cac:LegalMonetaryTotal><cbc:PayableAmount currencyID=""EUR"">100.00</cbc:PayableAmount></cac:LegalMonetaryTotal></Invoice>"
INV-086185,Peppol BIS Billing 3.0,"<Invoice xmlns=""urn:oasis:names:specification:ubl:schema:xsd:Invoice-2""><cbc:CustomizationID>urn:fdc:peppol.eu:2017:poacc:billing:01:1.0</cbc:CustomizationID><cbc:ID>INV-086185</cbc:ID><cbc:IssueDate>2026-01-01</cbc:IssueDate><cbc:DocumentCurrencyCode>EUR</cbc:DocumentCurrencyCode><cac:AccountingSupplierParty><cac:Party><cbc:EndpointID schemeID=""0088"">1634581964770</cbc:EndpointID></cac:Party></cac:AccountingSupplierParty><cac:LegalMonetaryTotal><cbc:PayableAmount currencyID=""EUR"">100.00</cbc:PayableAmount></cac:LegalMonetaryTotal></Invoice>"
INV-521960,Peppol BIS Billing 3.0,"<Invoice xmlns=""urn:oasis:names:specification:ubl:schema:xsd:Invoice-2""><cbc:CustomizationID>urn:fdc:peppol.eu:2017:poacc:billing:01:1.0</cbc:CustomizationID><cbc:ID>INV-521960</cbc:ID><cbc:IssueDate>2026-01-01</cbc:IssueDate><cbc:DocumentCurrencyCode>EUR</cbc:DocumentCurrencyCode><cac:AccountingSupplierParty><cac:Party><cbc:EndpointID schemeID=""0088"">3397765677439</cbc:EndpointID></cac:Party></cac:AccountingSupplierParty><cac:LegalMonetaryTotal><cbc:PayableAmount currencyID=""EUR"">100.00</cbc:PayableAmount></cac:LegalMonetaryTotal></Invoice>"
INV-318985,Peppol BIS Billing 3.0,"<Invoice xmlns=""urn:oasis:names:specification:ubl:schema:xsd:Invoice-2""><cbc:CustomizationID>urn:fdc:peppol.eu:2017:poacc:billing:01:1.0</cbc:CustomizationID><cbc:ID>INV-318985</cbc:ID><cbc:IssueDate>2026-01-01</cbc:IssueDate><cbc:DocumentCurrencyCode>EUR</cbc:DocumentCurrencyCode><cac:AccountingSupplierParty><cac:Party><cbc:EndpointID schemeID=""0088"">1056971170798</cbc:EndpointID></cac:Party></cac:AccountingSupplierParty><cac:LegalMonetaryTotal><cbc:PayableAmount currencyID=""EUR"">100.00</cbc:PayableAmount></cac:LegalMonetaryTotal></Invoice>"
INV-711919,Peppol BIS Billing 3.0,"<Invoice xmlns=""urn:oasis:names:specification:ubl:schema:xsd:Invoice-2""><cbc:CustomizationID>urn:fdc:peppol.eu:2017:poacc:billing:01:1.0</cbc:CustomizationID><cbc:ID>INV-711919</cbc:ID><cbc:IssueDate>2026-01-01</cbc:IssueDate><cbc:DocumentCurrencyCode>EUR</cbc:DocumentCurrencyCode><cac:AccountingSupplierParty><cac:Party><cbc:EndpointID schemeID=""0088"">8960496877220</cbc:EndpointID></cac:Party></cac:AccountingSupplierParty><cac:LegalMonetaryTotal><cbc:PayableAmount currencyID=""EUR"">100.00</cbc:PayableAmount></cac:LegalMonetaryTotal></Invoice>"
INV-778637,Peppol BIS Billing 3.0,"<Invoice xmlns=""urn:oasis:names:specification:ubl:schema:xsd:Invoice-2""><cbc:CustomizationID>urn:fdc:peppol.eu:2017:poacc:billing:01:1.0</cbc:CustomizationID><cbc:ID>INV-778637</cbc:ID><cbc:IssueDate>2026-01-01</cbc:IssueDate><cbc:DocumentCurrencyCode>EUR</cbc:DocumentCurrencyCode><cac:AccountingSupplierParty><cac:Party><cbc:EndpointID schemeID=""0088"">0214850092047</cbc:EndpointID></cac:Party></cac:AccountingSupplierParty><cac:LegalMonetaryTotal><cbc:PayableAmount currencyID=""EUR"">100.00</cbc:PayableAmount></cac:LegalMonetaryTotal></Invoice>"
INV-915347,Peppol BIS Billing 3.0,"<Invoice xmlns=""urn:oasis:names:specification:ubl:schema:xsd:Invoice-2""><cbc:CustomizationID>urn:fdc:peppol.eu:2017:poacc:billing:01:1.0</cbc:CustomizationID><cbc:ID>INV-915347</cbc:ID><cbc:IssueDate>2026-01-01</cbc:IssueDate><cbc:DocumentCurrencyCode>EUR</cbc:DocumentCurrencyCode><cac:AccountingSupplierParty><cac:Party><cbc:EndpointID schemeID=""0088"">2943127264638</cbc:EndpointID></cac:Party></cac:AccountingSupplierParty><cac:LegalMonetaryTotal><cbc:PayableAmount currencyID=""EUR"">100.00</cbc:PayableAmount></cac:LegalMonetaryTotal></Invoice>"
INV-657797,Peppol BIS Billing 3.0,"<Invoice xmlns=""urn:oasis:names:specification:ubl:schema:xsd:Invoice-2""><cbc:CustomizationID>urn:fdc:peppol.eu:2017:poacc:billing:01:1.0</cbc:CustomizationID><cbc:ID>INV-657797</cbc:ID><cbc:IssueDate>2026-01-01</cbc:IssueDate><cbc:DocumentCurrencyCode>EUR</cbc:DocumentCurrencyCode><cac:AccountingSupplierParty><cac:Party><cbc:EndpointID schemeID=""0088"">3638118861229</cbc:EndpointID></cac:Party></cac:AccountingSupplierParty><cac:LegalMonetaryTotal><cbc:PayableAmount currencyID=""EUR"">100.00</cbc:PayableAmount></cac:LegalMonetaryTotal></Invoice>"
INV-306248,Peppol BIS Billing 3.0,"<Invoice xmlns=""urn:oasis:names:specification:ubl:schema:xsd:Invoice-2""><cbc:CustomizationID>urn:fdc:peppol.eu:2017:poacc:billing:01:1.0</cbc:CustomizationID><cbc:ID>INV-306248</cbc:ID><cbc:IssueDate>2026-01-01</cbc:IssueDate><cbc:DocumentCurrencyCode>EUR</cbc:DocumentCurrencyCode><cac:AccountingSupplierParty><cac:Party><cbc:EndpointID schemeID=""0088"">2032509151946</cbc:EndpointID></cac:Party></cac:AccountingSupplierParty><cac:LegalMonetaryTotal><cbc:PayableAmount currencyID=""EUR"">100.00</cbc:PayableAmount></cac:LegalMonetaryTotal></Invoice>"
INV-308182,Peppol BIS Billing 3.0,"<Invoice xmlns=""urn:oasis:names:specification:ubl:schema:xsd:Invoice-2""><cbc:CustomizationID>urn:fdc:peppol.eu:2017:poacc:billing:01:1.0</cbc:CustomizationID><cbc:ID>INV-308182</cbc:ID><cbc:IssueDate>2026-01-01</cbc:IssueDate><cbc:DocumentCurrencyCode>EUR</cbc:DocumentCurrencyCode><cac:AccountingSupplierParty><cac:Party><cbc:EndpointID schemeID=""0088"">3867913023444</cbc:EndpointID></cac:Party></cac:AccountingSupplierParty><cac:LegalMonetaryTotal><cbc:PayableAmount currencyID=""EUR"">100.00</cbc:PayableAmount></cac:LegalMonetaryTotal></Invoice>"
INV-141569,Peppol BIS Billing 3.0,"<Invoice xmlns=""urn:oasis:names:specification:ubl:schema:xsd:Invoice-2""><cbc:CustomizationID>urn:fdc:peppol.eu:2017:poacc:billing:01:1.0</cbc:CustomizationID><cbc:ID>INV-141569</cbc:ID><cbc:IssueDate>2026-01-01</cbc:IssueDate><cbc:DocumentCurrencyCode>EUR</cbc:DocumentCurrencyCode><cac:AccountingSupplierParty><cac:Party><cbc:EndpointID schemeID=""0088"">6879827987959</cbc:EndpointID></cac:Party></cac:AccountingSupplierParty><cac:LegalMonetaryTotal><cbc:PayableAmount currencyID=""EUR"">100.00</cbc:PayableAmount></cac:LegalMonetaryTotal></Invoice>"
INV-501150,Peppol BIS Billing 3.0,"<Invoice xmlns=""urn:oasis:names:specification:ubl:schema:xsd:Invoice-2""><cbc:CustomizationID>urn:fdc:peppol.eu:2017:poacc:billing:01:1.0</cbc:CustomizationID><cbc:ID>INV-501150</cbc:ID><cbc:IssueDate>2026-01-01</cbc:IssueDate><cbc:DocumentCurrencyCode>EUR</cbc:DocumentCurrencyCode><cac:AccountingSupplierParty><cac:Party><cbc:EndpointID schemeID=""0088"">4619859375437</cbc:EndpointID></cac:Party></cac:AccountingSupplierParty><cac:LegalMonetaryTotal><cbc:PayableAmount currencyID=""EUR"">100.00</cbc:PayableAmount></cac:LegalMonetaryTotal></Invoice>"
INV-775906,Peppol BIS Billing 3.0,"<Invoice xmlns=""urn:oasis:names:specification:ubl:schema:xsd:Invoice-2""><cbc:CustomizationID>urn:fdc:peppol.eu:2017:poacc:billing:01:1.0</cbc:CustomizationID><cbc:ID>INV-775906</cbc:ID><cbc:IssueDate>2026-01-01</cbc:IssueDate><cbc:DocumentCurrencyCode>EUR</cbc:DocumentCurrencyCode><cac:AccountingSupplierParty><cac:Party><cbc:EndpointID schemeID=""0088"">1191415499680</cbc:EndpointID></cac:Party></cac:AccountingSupplierParty><cac:LegalMonetaryTotal><cbc:PayableAmount currencyID=""EUR"">100.00</cbc:PayableAmount></cac:LegalMonetaryTotal></Invoice>"
INV-684369,Peppol BIS Billing 3.0,"<Invoice xmlns=""urn:oasis:names:specification:ubl:schema:xsd:Invoice-2""><cbc:CustomizationID>urn:fdc:peppol.eu:2017:poacc:billing:01:1.0</cbc:CustomizationID><cbc:ID>INV-684369</cbc:ID><cbc:IssueDate>2026-01-01</cbc:IssueDate><cbc:DocumentCurrencyCode>EUR</cbc:DocumentCurrencyCode><cac:AccountingSupplierParty><cac:Party><cbc:EndpointID schemeID=""0088"">6247320756357</cbc:EndpointID></cac:Party></cac:AccountingSupplierParty><cac:LegalMonetaryTotal><cbc:PayableAmount currencyID=""EUR"">100.00</cbc:PayableAmount></cac:LegalMonetaryTotal></Invoice>"
INV-515358,Peppol BIS Billing 3.0,"<Invoice xmlns=""urn:oasis:names:specification:ubl:schema:xsd:Invoice-2""><cbc:CustomizationID>urn:fdc:peppol.eu:2017:poacc:billing:01:1.0</cbc:CustomizationID><cbc:ID>INV-515358</cbc:ID><cbc:IssueDate>2026-01-01</cbc:IssueDate><cbc:DocumentCurrencyCode>EUR</cbc:DocumentCurrencyCode><cac:AccountingSupplierParty><cac:Party><cbc:EndpointID schemeID=""0088"">2004593448426</cbc:EndpointID></cac:Party></cac:AccountingSupplierParty><cac:LegalMonetaryTotal><cbc:PayableAmount currencyID=""EUR"">100.00</cbc:PayableAmount></cac:LegalMonetaryTotal></Invoice>"
INV-395863,Peppol BIS Billing 3.0,"<Invoice xmlns=""urn:oasis:names:specification:ubl:schema:xsd:Invoice-2""><cbc:CustomizationID>urn:fdc:peppol.eu:2017:poacc:billing:01:1.0</cbc:CustomizationID><cbc:ID>INV-395863</cbc:ID><cbc:IssueDate>2026-01-01</cbc:IssueDate><cbc:DocumentCurrencyCode>EUR</cbc:DocumentCurrencyCode><cac:AccountingSupplierParty><cac:Party><cbc:EndpointID schemeID=""0088"">0717539410554</cbc:EndpointID></cac:Party></cac:AccountingSupplierParty><cac:LegalMonetaryTotal><cbc:PayableAmount currencyID=""EUR"">100.00</cbc:PayableAmount></cac:LegalMonetaryTotal></Invoice>"
INV-475792,Peppol BIS Billing 3.0,"<Invoice xmlns=""urn:oasis:names:specification:ubl:schema:xsd:Invoice-2""><cbc:CustomizationID>urn:fdc:peppol.eu:2017:poacc:billing:01:1.0</cbc:CustomizationID><cbc:ID>INV-475792</cbc:ID><cbc:IssueDate>2026-01-01</cbc:IssueDate><cbc:DocumentCurrencyCode>EUR</cbc:DocumentCurrencyCode><cac:AccountingSupplierParty><cac:Party><cbc:EndpointID schemeID=""0088"">4025927031532</cbc:EndpointID></cac:Party></cac:AccountingSupplierParty><cac:LegalMonetaryTotal><cbc:PayableAmount currencyID=""EUR"">100.00</cbc:PayableAmount></cac:LegalMonetaryTotal></Invoice>"
INV-513044,Peppol BIS Billing 3.0,"<Invoice xmlns=""urn:oasis:names:specification:ubl:schema:xsd:Invoice-2""><cbc:CustomizationID>urn:fdc:peppol.eu:2017:poacc:billing:01:1.0</cbc:CustomizationID><cbc:ID>INV-513044</cbc:ID><cbc:IssueDate>2026-01-01</cbc:IssueDate><cbc:DocumentCurrencyCode>EUR</cbc:DocumentCurrencyCode><cac:AccountingSupplierParty><cac:Party><cbc:EndpointID schemeID=""0088"">4962663451382</cbc:EndpointID></cac:Party></cac:AccountingSupplierParty><cac:LegalMonetaryTotal><cbc:PayableAmount currencyID=""EUR"">100.00</cbc:PayableAmount></cac:LegalMonetaryTotal></Invoice>"
INV-571401,Peppol BIS Billing 3.0,"<Invoice xmlns=""urn:oasis:names:specification:ubl:schema:xsd:Invoice-2""><cbc:CustomizationID>urn:fdc:peppol.eu:2017:poacc:billing:01:1.0</cbc:CustomizationID><cbc:ID>INV-571401</cbc:ID><cbc:IssueDate>2026-01-01</cbc:IssueDate><cbc:DocumentCurrencyCode>EUR</cbc:DocumentCurrencyCode><cac:AccountingSupplierParty><cac:Party><cbc:EndpointID schemeID=""0088"">8522385015350</cbc:EndpointID></cac:Party></cac:AccountingSupplierParty><cac:LegalMonetaryTotal><cbc:PayableAmount currencyID=""EUR"">100.00</cbc:PayableAmount></cac:LegalMonetaryTotal></Invoice>"
INV-877912,Peppol BIS Billing 3.0,"<Invoice xmlns=""urn:oasis:names:specification:ubl:schema:xsd:Invoice-2""><cbc:CustomizationID>urn:fdc:peppol.eu:2017:poacc:billing:01:1.0</cbc:CustomizationID><cbc:ID>INV-877912</cbc:ID><cbc:IssueDate>2026-01-01</cbc:IssueDate><cbc:DocumentCurrencyCode>EUR</cbc:DocumentCurrencyCode><cac:AccountingSupplierParty><cac:Party><cbc:EndpointID schemeID=""0088"">6233210510601</cbc:EndpointID></cac:Party></cac:AccountingSupplierParty><cac:LegalMonetaryTotal><cbc:PayableAmount currencyID=""EUR"">100.00</cbc:PayableAmount></cac:LegalMonetaryTotal></Invoice>"
INV-198320,Peppol BIS Billing 3.0,"<Invoice xmlns=""urn:oasis:names:specification:ubl:schema:xsd:Invoice-2""><cbc:CustomizationID>urn:fdc:peppol.eu:2017:poacc:billing:01:1.0</cbc:CustomizationID><cbc:ID>INV-198320</cbc:ID><cbc:IssueDate>2026-01-01</cbc:IssueDate><cbc:DocumentCurrencyCode>EUR</cbc:DocumentCurrencyCode><cac:AccountingSupplierParty><cac:Party><cbc:EndpointID schemeID=""0088"">8773476179377</cbc:EndpointID></cac:Party></cac:AccountingSupplierParty><cac:LegalMonetaryTotal><cbc:PayableAmount currencyID=""EUR"">100.00</cbc:PayableAmount></cac:LegalMonetaryTotal></Invoice>"
INV-789397,Peppol BIS Billing 3.0,"<Invoice xmlns=""urn:oasis:names:specification:ubl:schema:xsd:Invoice-2""><cbc:CustomizationID>urn:fdc:peppol.eu:2017:poacc:billing:01:1.0</cbc:CustomizationID><cbc:ID>INV-789397</cbc:ID><cbc:IssueDate>2026-01-01</cbc:IssueDate><cbc:DocumentCurrencyCode>EUR</cbc:DocumentCurrencyCode><cac:AccountingSupplierParty><cac:Party><cbc:EndpointID schemeID=""0088"">2213378864062</cbc:EndpointID></cac:Party></cac:AccountingSupplierParty><cac:LegalMonetaryTotal><cbc:PayableAmount currencyID=""EUR"">100.00</cbc:PayableAmount></cac:LegalMonetaryTotal></Invoice>"
INV-166071,Peppol BIS Billing 3.0,"<Invoice xmlns=""urn:oasis:names:specification:ubl:schema:xsd:Invoice-2""><cbc:CustomizationID>urn:fdc:peppol.eu:2017:poacc:billing:01:1.0</cbc:CustomizationID><cbc:ID>INV-166071</cbc:ID><cbc:IssueDate>2026-01-01</cbc:IssueDate><cbc:DocumentCurrencyCode>EUR</cbc:DocumentCurrencyCode><cac:AccountingSupplierParty><cac:Party><cbc:EndpointID schemeID=""0088"">0296453226363</cbc:EndpointID></cac:Party></cac:AccountingSupplierParty><cac:LegalMonetaryTotal><cbc:PayableAmount currencyID=""EUR"">100.00</cbc:PayableAmount></cac:LegalMonetaryTotal></Invoice>"
INV-023241,Peppol BIS Billing 3.0,"<Invoice xmlns=""urn:oasis:names:specification:ubl:schema:xsd:Invoice-2""><cbc:CustomizationID>urn:fdc:peppol.eu:2017:poacc:billing:01:1.0</cbc:CustomizationID><cbc:ID>INV-023241</cbc:ID><cbc:IssueDate>2026-01-01</cbc:IssueDate><cbc:DocumentCurrencyCode>EUR</cbc:DocumentCurrencyCode><cac:AccountingSupplierParty><cac:Party><cbc:EndpointID schemeID=""0088"">3820451613943</cbc:EndpointID></cac:Party></cac:AccountingSupplierParty><cac:LegalMonetaryTotal><cbc:PayableAmount currencyID=""EUR"">100.00</cbc:PayableAmount></cac:LegalMonetaryTotal></Invoice>"
INV-659441,Peppol BIS Billing 3.0,"<Invoice xmlns=""urn:oasis:names:specification:ubl:schema:xsd:Invoice-2""><cbc:CustomizationID>urn:fdc:peppol.eu:2017:poacc:billing:01:1.0</cbc:CustomizationID><cbc:ID>INV-659441</cbc:ID><cbc:IssueDate>2026-01-01</cbc:IssueDate><cbc:DocumentCurrencyCode>EUR</cbc:DocumentCurrencyCode><cac:AccountingSupplierParty><cac:Party><cbc:EndpointID schemeID=""0088"">5990413194592</cbc:EndpointID></cac:Party></cac:AccountingSupplierParty><cac:LegalMonetaryTotal><cbc:PayableAmount currencyID=""EUR"">100.00</cbc:PayableAmount></cac:LegalMonetaryTotal></Invoice>"
INV-200527,Peppol BIS Billing 3.0,"<Invoice xmlns=""urn:oasis:names:specification:ubl:schema:xsd:Invoice-2""><cbc:CustomizationID>urn:fdc:peppol.eu:2017:poacc:billing:01:1.0</cbc:CustomizationID><cbc:ID>INV-200527</cbc:ID><cbc:IssueDate>2026-01-01</cbc:IssueDate><cbc:DocumentCurrencyCode>EUR</cbc:DocumentCurrencyCode><cac:AccountingSupplierParty><cac:Party><cbc:EndpointID schemeID=""0088"">8840785312317</cbc:EndpointID></cac:Party></cac:AccountingSupplierParty><cac:LegalMonetaryTotal><cbc:PayableAmount currencyID=""EUR"">100.00</cbc:PayableAmount></cac:LegalMonetaryTotal></Invoice>"
INV-325496,Peppol BIS Billing 3.0,"<Invoice xmlns=""urn:oasis:names:specification:ubl:schema:xsd:Invoice-2""><cbc:CustomizationID>urn:fdc:peppol.eu:2017:poacc:billing:01:1.0</cbc:CustomizationID><cbc:ID>INV-325496</cbc:ID><cbc:IssueDate>2026-01-01</cbc:IssueDate><cbc:DocumentCurrencyCode>EUR</cbc:DocumentCurrencyCode><cac:AccountingSupplierParty><cac:Party><cbc:EndpointID schemeID=""0088"">6491611970272</cbc:EndpointID></cac:Party></cac:AccountingSupplierParty><cac:LegalMonetaryTotal><cbc:PayableAmount currencyID=""EUR"">100.00</cbc:PayableAmount></cac:LegalMonetaryTotal></Invoice>"
INV-902507,Peppol BIS Billing 3.0,"<Invoice xmlns=""urn:oasis:names:specification:ubl:schema:xsd:Invoice-2""><cbc:CustomizationID>urn:fdc:peppol.eu:2017:poacc:billing:01:1.0</cbc:CustomizationID><cbc:ID>INV-902507</cbc:ID><cbc:IssueDate>2026-01-01</cbc:IssueDate><cbc:DocumentCurrencyCode>EUR</cbc:DocumentCurrencyCode><cac:AccountingSupplierParty><cac:Party><cbc:EndpointID schemeID=""0088"">7411307114540</cbc:EndpointID></cac:Party></cac:AccountingSupplierParty><cac:LegalMonetaryTotal><cbc:PayableAmount currencyID=""EUR"">100.00</cbc:PayableAmount></cac:LegalMonetaryTotal></Invoice>"
INV-541262,Peppol BIS Billing 3.0,"<Invoice xmlns=""urn:oasis:names:specification:ubl:schema:xsd:Invoice-2""><cbc:CustomizationID>urn:fdc:peppol.eu:2017:poacc:billing:01:1.0</cbc:CustomizationID><cbc:ID>INV-541262</cbc:ID><cbc:IssueDate>2026-01-01</cbc:IssueDate><cbc:DocumentCurrencyCode>EUR</cbc:DocumentCurrencyCode><cac:AccountingSupplierParty><cac:Party><cbc:EndpointID schemeID=""0088"">0532669557041</cbc:EndpointID></cac:Party></cac:AccountingSupplierParty><cac:LegalMonetaryTotal><cbc:PayableAmount currencyID=""EUR"">100.00</cbc:PayableAmount></cac:LegalMonetaryTotal></Invoice>"
INV-421038,Peppol BIS Billing 3.0,"<Invoice xmlns=""urn:oasis:names:specification:ubl:schema:xsd:Invoice-2""><cbc:CustomizationID>urn:fdc:peppol.eu:2017:poacc:billing:01:1.0</cbc:CustomizationID><cbc:ID>INV-421038</cbc:ID><cbc:IssueDate>2026-01-01</cbc:IssueDate><cbc:DocumentCurrencyCode>EUR</cbc:DocumentCurrencyCode><cac:AccountingSupplierParty><cac:Party><cbc:EndpointID schemeID=""0088"">4739974459955</cbc:EndpointID></cac:Party></cac:AccountingSupplierParty><cac:LegalMonetaryTotal><cbc:PayableAmount currencyID=""EUR"">100.00</cbc:PayableAmount></cac:LegalMonetaryTotal></Invoice>"
INV-062064,Peppol BIS Billing 3.0,"<Invoice xmlns=""urn:oasis:names:specification:ubl:schema:xsd:Invoice-2""><cbc:CustomizationID>urn:fdc:peppol.eu:2017:poacc:billing:01:1.0</cbc:CustomizationID><cbc:ID>INV-062064</cbc:ID><cbc:IssueDate>2026-01-01</cbc:IssueDate><cbc:DocumentCurrencyCode>EUR</cbc:DocumentCurrencyCode><cac:AccountingSupplierParty><cac:Party><cbc:EndpointID schemeID=""0088"">2769737026143</cbc:EndpointID></cac:Party></cac:AccountingSupplierParty><cac:LegalMonetaryTotal><cbc:PayableAmount currencyID=""EUR"">100.00</cbc:PayableAmount></cac:LegalMonetaryTotal></Invoice>"
INV-300419,Peppol BIS Billing 3.0,"<Invoice xmlns=""urn:oasis:names:specification:ubl:schema:xsd:Invoice-2""><cbc:CustomizationID>urn:fdc:peppol.eu:2017:poacc:billing:01:1.0</cbc:CustomizationID><cbc:ID>INV-300419</cbc:ID><cbc:IssueDate>2026-01-01</cbc:IssueDate><cbc:DocumentCurrencyCode>EUR</cbc:DocumentCurrencyCode><cac:AccountingSupplierParty><cac:Party><cbc:EndpointID schemeID=""0088"">8622317079518</cbc:EndpointID></cac:Party></cac:AccountingSupplierParty><cac:LegalMonetaryTotal><cbc:PayableAmount currencyID=""EUR"">100.00</cbc:PayableAmount></cac:LegalMonetaryTotal></Invoice>"
INV-733063,Peppol BIS Billing 3.0,"<Invoice xmlns=""urn:oasis:names:specification:ubl:schema:xsd:Invoice-2""><cbc:CustomizationID>urn:fdc:peppol.eu:2017:poacc:billing:01:1.0</cbc:CustomizationID><cbc:ID>INV-733063</cbc:ID><cbc:IssueDate>2026-01-01</cbc:IssueDate><cbc:DocumentCurrencyCode>EUR</cbc:DocumentCurrencyCode><cac:AccountingSupplierParty><cac:Party><cbc:EndpointID schemeID=""0088"">5439482505612</cbc:EndpointID></cac:Party></cac:AccountingSupplierParty><cac:LegalMonetaryTotal><cbc:PayableAmount currencyID=""EUR"">100.00</cbc:PayableAmount></cac:LegalMonetaryTotal></Invoice>"
INV-096442,Peppol BIS Billing 3.0,"<Invoice xmlns=""urn:oasis:names:specification:ubl:schema:xsd:Invoice-2""><cbc:CustomizationID>urn:fdc:peppol.eu:2017:poacc:billing:01:1.0</cbc:CustomizationID><cbc:ID>INV-096442</cbc:ID><cbc:IssueDate>2026-01-01</cbc:IssueDate><cbc:DocumentCurrencyCode>EUR</cbc:DocumentCurrencyCode><cac:AccountingSupplierParty><cac:Party><cbc:EndpointID schemeID=""0088"">8743228932845</cbc:EndpointID></cac:Party></cac:AccountingSupplierParty><cac:LegalMonetaryTotal><cbc:PayableAmount currencyID=""EUR"">100.00</cbc:PayableAmount></cac:LegalMonetaryTotal></Invoice>"
INV-445657,Peppol BIS Billing 3.0,"<Invoice xmlns=""urn:oasis:names:specification:ubl:schema:xsd:Invoice-2""><cbc:CustomizationID>urn:fdc:peppol.eu:2017:poacc:billing:01:1.0</cbc:CustomizationID><cbc:ID>INV-445657</cbc:ID><cbc:IssueDate>2026-01-01</cbc:IssueDate><cbc:DocumentCurrencyCode>EUR</cbc:DocumentCurrencyCode><cac:AccountingSupplierParty><cac:Party><cbc:EndpointID schemeID=""0088"">4339122304918</cbc:EndpointID></cac:Party></cac:AccountingSupplierParty><cac:LegalMonetaryTotal><cbc:PayableAmount currencyID=""EUR"">100.00</cbc:PayableAmount></cac:LegalMonetaryTotal></Invoice>"
INV-182587,Peppol BIS Billing 3.0,"<Invoice xmlns=""urn:oasis:names:specification:ubl:schema:xsd:Invoice-2""><cbc:CustomizationID>urn:fdc:peppol.eu:2017:poacc:billing:01:1.0</cbc:CustomizationID><cbc:ID>INV-182587</cbc:ID><cbc:IssueDate>2026-01-01</cbc:IssueDate><cbc:DocumentCurrencyCode>EUR</cbc:DocumentCurrencyCode><cac:AccountingSupplierParty><cac:Party><cbc:EndpointID schemeID=""0088"">6964931775493</cbc:EndpointID></cac:Party></cac:AccountingSupplierParty><cac:LegalMonetaryTotal><cbc:PayableAmount currencyID=""EUR"">100.00</cbc:PayableAmount></cac:LegalMonetaryTotal></Invoice>"
INV-189148,Peppol BIS Billing 3.0,"<Invoice xmlns=""urn:oasis:names:specification:ubl:schema:xsd:Invoice-2""><cbc:CustomizationID>urn:fdc:peppol.eu:2017:poacc:billing:01:1.0</cbc:CustomizationID><cbc:ID>INV-189148</cbc:ID><cbc:IssueDate>2026-01-01</cbc:IssueDate><cbc:DocumentCurrencyCode>EUR</cbc:DocumentCurrencyCode><cac:AccountingSupplierParty><cac:Party><cbc:EndpointID schemeID=""0088"">9080764955532</cbc:EndpointID></cac:Party></cac:AccountingSupplierParty><cac:LegalMonetaryTotal><cbc:PayableAmount currencyID=""EUR"">100.00</cbc:PayableAmount></cac:LegalMonetaryTotal></Invoice>"
INV-377355,Peppol BIS Billing 3.0,"<Invoice xmlns=""urn:oasis:names:specification:ubl:schema:xsd:Invoice-2""><cbc:CustomizationID>urn:fdc:peppol.eu:2017:poacc:billing:01:1.0</cbc:CustomizationID><cbc:ID>INV-377355</cbc:ID><cbc:IssueDate>2026-01-01</cbc:IssueDate><cbc:DocumentCurrencyCode>EUR</cbc:DocumentCurrencyCode><cac:AccountingSupplierParty><cac:Party><cbc:EndpointID schemeID=""0088"">1174040846948</cbc:EndpointID></cac:Party></cac:AccountingSupplierParty><cac:LegalMonetaryTotal><cbc:PayableAmount currencyID=""EUR"">100.00</cbc:PayableAmount></cac:LegalMonetaryTotal></Invoice>"
INV-547686,Peppol BIS Billing 3.0,"<Invoice xmlns=""urn:oasis:names:specification:ubl:schema:xsd:Invoice-2""><cbc:CustomizationID>urn:fdc:peppol.eu:2017:poacc:billing:01:1.0</cbc:CustomizationID><cbc:ID>INV-547686</cbc:ID><cbc:IssueDate>2026-01-01</cbc:IssueDate><cbc:DocumentCurrencyCode>EUR</cbc:DocumentCurrencyCode><cac:AccountingSupplierParty><cac:Party><cbc:EndpointID schemeID=""0088"">2117782150157</cbc:EndpointID></cac:Party></cac:AccountingSupplierParty><cac:LegalMonetaryTotal><cbc:PayableAmount currencyID=""EUR"">100.00</cbc:PayableAmount></cac:LegalMonetaryTotal></Invoice>"
INV-517800,Peppol BIS Billing 3.0,"<Invoice xmlns=""urn:oasis:names:specification:ubl:schema:xsd:Invoice-2""><cbc:CustomizationID>urn:fdc:peppol.eu:2017:poacc:billing:01:1.0</cbc:CustomizationID><cbc:ID>INV-517800</cbc:ID><cbc:IssueDate>2026-01-01</cbc:IssueDate><cbc:DocumentCurrencyCode>EUR</cbc:DocumentCurrencyCode><cac:AccountingSupplierParty><cac:Party><cbc:EndpointID schemeID=""0088"">8814787354399</cbc:EndpointID></cac:Party></cac:AccountingSupplierParty><cac:LegalMonetaryTotal><cbc:PayableAmount currencyID=""EUR"">100.00</cbc:PayableAmount></cac:LegalMonetaryTotal></Invoice>"
INV-089125,Peppol BIS Billing 3.0,"<Invoice xmlns=""urn:oasis:names:specification:ubl:schema:xsd:Invoice-2""><cbc:CustomizationID>urn:fdc:peppol.eu:2017:poacc:billing:01:1.0</cbc:CustomizationID><cbc:ID>INV-089125</cbc:ID><cbc:IssueDate>2026-01-01</cbc:IssueDate><cbc:DocumentCurrencyCode>EUR</cbc:DocumentCurrencyCode><cac:AccountingSupplierParty><cac:Party><cbc:EndpointID schemeID=""0088"">4745126422744</cbc:EndpointID></cac:Party></cac:AccountingSupplierParty><cac:LegalMonetaryTotal><cbc:PayableAmount currencyID=""EUR"">100.00</cbc:PayableAmount></cac:LegalMonetaryTotal></Invoice>"
INV-224997,Peppol BIS Billing 3.0,"<Invoice xmlns=""urn:oasis:names:specification:ubl:schema:xsd:Invoice-2""><cbc:CustomizationID>urn:fdc:peppol.eu:2017:poacc:billing:01:1.0</cbc:CustomizationID><cbc:ID>INV-224997</cbc:ID><cbc:IssueDate>2026-01-01</cbc:IssueDate><cbc:DocumentCurrencyCode>EUR</cbc:DocumentCurrencyCode><cac:AccountingSupplierParty><cac:Party><cbc:EndpointID schemeID=""0088"">6160812685297</cbc:EndpointID></cac:Party></cac:AccountingSupplierParty><cac:LegalMonetaryTotal><cbc:PayableAmount currencyID=""EUR"">100.00</cbc:PayableAmount></cac:LegalMonetaryTotal></Invoice>"
INV-005865,Peppol BIS Billing 3.0,"<Invoice xmlns=""urn:oasis:names:specification:ubl:schema:xsd:Invoice-2""><cbc:CustomizationID>urn:fdc:peppol.eu:2017:poacc:billing:01:1.0</cbc:CustomizationID><cbc:ID>INV-005865</cbc:ID><cbc:IssueDate>2026-01-01</cbc:IssueDate><cbc:DocumentCurrencyCode>EUR</cbc:DocumentCurrencyCode><cac:AccountingSupplierParty><cac:Party><cbc:EndpointID schemeID=""0088"">9923235980035</cbc:EndpointID></cac:Party></cac:AccountingSupplierParty><cac:LegalMonetaryTotal><cbc:PayableAmount currencyID=""EUR"">100.00</cbc:PayableAmount></cac:LegalMonetaryTotal></Invoice>"
INV-703563,Peppol BIS Billing 3.0,"<Invoice xmlns=""urn:oasis:names:specification:ubl:schema:xsd:Invoice-2""><cbc:CustomizationID>urn:fdc:peppol.eu:2017:poacc:billing:01:1.0</cbc:CustomizationID><cbc:ID>INV-703563</cbc:ID><cbc:IssueDate>2026-01-01</cbc:IssueDate><cbc:DocumentCurrencyCode>EUR</cbc:DocumentCurrencyCode><cac:AccountingSupplierParty><cac:Party><cbc:EndpointID schemeID=""0088"">9904898722377</cbc:EndpointID></cac:Party></cac:AccountingSupplierParty><cac:LegalMonetaryTotal><cbc:PayableAmount currencyID=""EUR"">100.00</cbc:PayableAmount></cac:LegalMonetaryTotal></Invoice>"
INV-967579,Peppol BIS Billing 3.0,"<Invoice xmlns=""urn:oasis:names:specification:ubl:schema:xsd:Invoice-2""><cbc:CustomizationID>urn:fdc:peppol.eu:2017:poacc:billing:01:1.0</cbc:CustomizationID><cbc:ID>INV-967579</cbc:ID><cbc:IssueDate>2026-01-01</cbc:IssueDate><cbc:DocumentCurrencyCode>EUR</cbc:DocumentCurrencyCode><cac:AccountingSupplierParty><cac:Party><cbc:EndpointID schemeID=""0088"">4918725835478</cbc:EndpointID></cac:Party></cac:AccountingSupplierParty><cac:LegalMonetaryTotal><cbc:PayableAmount currencyID=""EUR"">100.00</cbc:PayableAmount></cac:LegalMonetaryTotal></Invoice>"
INV-170345,Peppol BIS Billing 3.0,"<Invoice xmlns=""urn:oasis:names:specification:ubl:schema:xsd:Invoice-2""><cbc:CustomizationID>urn:fdc:peppol.eu:2017:poacc:billing:01:1.0</cbc:CustomizationID><cbc:ID>INV-170345</cbc:ID><cbc:IssueDate>2026-01-01</cbc:IssueDate><cbc:DocumentCurrencyCode>EUR</cbc:DocumentCurrencyCode><cac:AccountingSupplierParty><cac:Party><cbc:EndpointID schemeID=""0088"">9688287639225</cbc:EndpointID></cac:Party></cac:AccountingSupplierParty><cac:LegalMonetaryTotal><cbc:PayableAmount currencyID=""EUR"">100.00</cbc:PayableAmount></cac:LegalMonetaryTotal></Invoice>"
INV-116049,Peppol BIS Billing 3.0,"<Invoice xmlns=""urn:oasis:names:specification:ubl:schema:xsd:Invoice-2""><cbc:CustomizationID>urn:fdc:peppol.eu:2017:poacc:billing:01:1.0</cbc:CustomizationID><cbc:ID>INV-116049</cbc:ID><cbc:IssueDate>2026-01-01</cbc:IssueDate><cbc:DocumentCurrencyCode>EUR</cbc:DocumentCurrencyCode><cac:AccountingSupplierParty><cac:Party><cbc:EndpointID schemeID=""0088"">1096403470585</cbc:EndpointID></cac:Party></cac:AccountingSupplierParty><cac:LegalMonetaryTotal><cbc:PayableAmount currencyID=""EUR"">100.00</cbc:PayableAmount></cac:LegalMonetaryTotal></Invoice>"
INV-324562,Peppol BIS Billing 3.0,"<Invoice xmlns=""urn:oasis:names:specification:ubl:schema:xsd:Invoice-2""><cbc:CustomizationID>urn:fdc:peppol.eu:2017:poacc:billing:01:1.0</cbc:CustomizationID><cbc:ID>INV-324562</cbc:ID><cbc:IssueDate>2026-01-01</cbc:IssueDate><cbc:DocumentCurrencyCode>EUR</cbc:DocumentCurrencyCode><cac:AccountingSupplierParty><cac:Party><cbc:EndpointID schemeID=""0088"">9614864021787</cbc:EndpointID></cac:Party></cac:AccountingSupplierParty><cac:LegalMonetaryTotal><cbc:PayableAmount currencyID=""EUR"">100.00</cbc:PayableAmount></cac:LegalMonetaryTotal></Invoice>"
INV-383503,Peppol BIS Billing 3.0,"<Invoice xmlns=""urn:oasis:names:specification:ubl:schema:xsd:Invoice-2""><cbc:CustomizationID>urn:fdc:peppol.eu:2017:poacc:billing:01:1.0</cbc:CustomizationID><cbc:ID>INV-383503</cbc:ID><cbc:IssueDate>2026-01-01</cbc:IssueDate><cbc:DocumentCurrencyCode>EUR</cbc:DocumentCurrencyCode><cac:AccountingSupplierParty><cac:Party><cbc:EndpointID schemeID=""0088"">9117569336380</cbc:EndpointID></cac:Party></cac:AccountingSupplierParty><cac:LegalMonetaryTotal><cbc:PayableAmount currencyID=""EUR"">100.00</cbc:PayableAmount></cac:LegalMonetaryTotal></Invoice>"
INV-799512,Peppol BIS Billing 3.0,"<Invoice xmlns=""urn:oasis:names:specification:ubl:schema:xsd:Invoice-2""><cbc:CustomizationID>urn:fdc:peppol.eu:2017:poacc:billing:01:1.0</cbc:CustomizationID><cbc:ID>INV-799512</cbc:ID><cbc:IssueDate>2026-01-01</cbc:IssueDate><cbc:DocumentCurrencyCode>EUR</cbc:DocumentCurrencyCode><cac:AccountingSupplierParty><cac:Party><cbc:EndpointID schemeID=""0088"">2171534006469</cbc:EndpointID></cac:Party></cac:AccountingSupplierParty><cac:LegalMonetaryTotal><cbc:PayableAmount currencyID=""EUR"">100.00</cbc:PayableAmount></cac:LegalMonetaryTotal></Invoice>"
INV-596620,Peppol BIS Billing 3.0,"<Invoice xmlns=""urn:oasis:names:specification:ubl:schema:xsd:Invoice-2""><cbc:CustomizationID>urn:fdc:peppol.eu:2017:poacc:billing:01:1.0</cbc:CustomizationID><cbc:ID>INV-596620</cbc:ID><cbc:IssueDate>2026-01-01</cbc:IssueDate><cbc:DocumentCurrencyCode>EUR</cbc:DocumentCurrencyCode><cac:AccountingSupplierParty><cac:Party><cbc:EndpointID schemeID=""0088"">0225715650856</cbc:EndpointID></cac:Party></cac:AccountingSupplierParty><cac:LegalMonetaryTotal><cbc:PayableAmount currencyID=""EUR"">100.00</cbc:PayableAmount></cac:LegalMonetaryTotal></Invoice>"
INV-675007,Peppol BIS Billing 3.0,"<Invoice xmlns=""urn:oasis:names:specification:ubl:schema:xsd:Invoice-2""><cbc:CustomizationID>urn:fdc:peppol.eu:2017:poacc:billing:01:1.0</cbc:CustomizationID><cbc:ID>INV-675007</cbc:ID><cbc:IssueDate>2026-01-01</cbc:IssueDate><cbc:DocumentCurrencyCode>EUR</cbc:DocumentCurrencyCode><cac:AccountingSupplierParty><cac:Party><cbc:EndpointID schemeID=""0088"">9052344691509</cbc:EndpointID></cac:Party></cac:AccountingSupplierParty><cac:LegalMonetaryTotal><cbc:PayableAmount currencyID=""EUR"">100.00</cbc:PayableAmount></cac:LegalMonetaryTotal></Invoice>"
INV-996660,Peppol BIS Billing 3.0,"<Invoice xmlns=""urn:oasis:names:specification:ubl:schema:xsd:Invoice-2""><cbc:CustomizationID>urn:fdc:peppol.eu:2017:poacc:billing:01:1.0</cbc:CustomizationID><cbc:ID>INV-996660</cbc:ID><cbc:IssueDate>2026-01-01</cbc:IssueDate><cbc:DocumentCurrencyCode>EUR</cbc:DocumentCurrencyCode><cac:AccountingSupplierParty><cac:Party><cbc:EndpointID schemeID=""0088"">6769452530208</cbc:EndpointID></cac:Party></cac:AccountingSupplierParty><cac:LegalMonetaryTotal><cbc:PayableAmount currencyID=""EUR"">100.00</cbc:PayableAmount></cac:LegalMonetaryTotal></Invoice>"
INV-592346,Peppol BIS Billing 3.0,"<Invoice xmlns=""urn:oasis:names:specification:ubl:schema:xsd:Invoice-2""><cbc:CustomizationID>urn:fdc:peppol.eu:2017:poacc:billing:01:1.0</cbc:CustomizationID><cbc:ID>INV-592346</cbc:ID><cbc:IssueDate>2026-01-01</cbc:IssueDate><cbc:DocumentCurrencyCode>EUR</cbc:DocumentCurrencyCode><cac:AccountingSupplierParty><cac:Party><cbc:EndpointID schemeID=""0088"">5006479555911</cbc:EndpointID></cac:Party></cac:AccountingSupplierParty><cac:LegalMonetaryTotal><cbc:PayableAmount currencyID=""EUR"">100.00</cbc:PayableAmount></cac:LegalMonetaryTotal></Invoice>"
INV-898215,Peppol BIS Billing 3.0,"<Invoice xmlns=""urn:oasis:names:specification:ubl:schema:xsd:Invoice-2""><cbc:CustomizationID>urn:fdc:peppol.eu:2017:poacc:billing:01:1.0</cbc:CustomizationID><cbc:ID>INV-898215</cbc:ID><cbc:IssueDate>2026-01-01</cbc:IssueDate><cbc:DocumentCurrencyCode>EUR</cbc:DocumentCurrencyCode><cac:AccountingSupplierParty><cac:Party><cbc:EndpointID schemeID=""0088"">5384535074382</cbc:EndpointID></cac:Party></cac:AccountingSupplierParty><cac:LegalMonetaryTotal><cbc:PayableAmount currencyID=""EUR"">100.00</cbc:PayableAmount></cac:LegalMonetaryTotal></Invoice>"
INV-209234,Peppol BIS Billing 3.0,"<Invoice xmlns=""urn:oasis:names:specification:ubl:schema:xsd:Invoice-2""><cbc:CustomizationID>urn:fdc:peppol.eu:2017:poacc:billing:01:1.0</cbc:CustomizationID><cbc:ID>INV-209234</cbc:ID><cbc:IssueDate>2026-01-01</cbc:IssueDate><cbc:DocumentCurrencyCode>EUR</cbc:DocumentCurrencyCode><cac:AccountingSupplierParty><cac:Party><cbc:EndpointID schemeID=""0088"">9609038314584</cbc:EndpointID></cac:Party></cac:AccountingSupplierParty><cac:LegalMonetaryTotal><cbc:PayableAmount currencyID=""EUR"">100.00</cbc:PayableAmount></cac:LegalMonetaryTotal></Invoice>"
INV-894796,Peppol BIS Billing 3.0,"<Invoice xmlns=""urn:oasis:names:specification:ubl:schema:xsd:Invoice-2""><cbc:CustomizationID>urn:fdc:peppol.eu:2017:poacc:billing:01:1.0</cbc:CustomizationID><cbc:ID>INV-894796</cbc:ID><cbc:IssueDate>2026-01-01</cbc:IssueDate><cbc:DocumentCurrencyCode>EUR</cbc:DocumentCurrencyCode><cac:AccountingSupplierParty><cac:Party><cbc:EndpointID schemeID=""0088"">3136983823966</cbc:EndpointID></cac:Party></cac:AccountingSupplierParty><cac:LegalMonetaryTotal><cbc:PayableAmount currencyID=""EUR"">100.00</cbc:PayableAmount></cac:LegalMonetaryTotal></Invoice>"
INV-519381,Peppol BIS Billing 3.0,"<Invoice xmlns=""urn:oasis:names:specification:ubl:schema:xsd:Invoice-2""><cbc:CustomizationID>urn:fdc:peppol.eu:2017:poacc:billing:01:1.0</cbc:CustomizationID><cbc:ID>INV-519381</cbc:ID><cbc:IssueDate>2026-01-01</cbc:IssueDate><cbc:DocumentCurrencyCode>EUR</cbc:DocumentCurrencyCode><cac:AccountingSupplierParty><cac:Party><cbc:EndpointID schemeID=""0088"">2775775708469</cbc:EndpointID></cac:Party></cac:AccountingSupplierParty><cac:LegalMonetaryTotal><cbc:PayableAmount currencyID=""EUR"">100.00</cbc:PayableAmount></cac:LegalMonetaryTotal></Invoice>"
INV-742460,Peppol BIS Billing 3.0,"<Invoice xmlns=""urn:oasis:names:specification:ubl:schema:xsd:Invoice-2""><cbc:CustomizationID>urn:fdc:peppol.eu:2017:poacc:billing:01:1.0</cbc:CustomizationID><cbc:ID>INV-742460</cbc:ID><cbc:IssueDate>2026-01-01</cbc:IssueDate><cbc:DocumentCurrencyCode>EUR</cbc:DocumentCurrencyCode><cac:AccountingSupplierParty><cac:Party><cbc:EndpointID schemeID=""0088"">1717766234993</cbc:EndpointID></cac:Party></cac:AccountingSupplierParty><cac:LegalMonetaryTotal><cbc:PayableAmount currencyID=""EUR"">100.00</cbc:PayableAmount></cac:LegalMonetaryTotal></Invoice>"
INV-921383,Peppol BIS Billing 3.0,"<Invoice xmlns=""urn:oasis:names:specification:ubl:schema:xsd:Invoice-2""><cbc:CustomizationID>urn:fdc:peppol.eu:2017:poacc:billing:01:1.0</cbc:CustomizationID><cbc:ID>INV-921383</cbc:ID><cbc:IssueDate>2026-01-01</cbc:IssueDate><cbc:DocumentCurrencyCode>EUR</cbc:DocumentCurrencyCode><cac:AccountingSupplierParty><cac:Party><cbc:EndpointID schemeID=""0088"">8276578817189</cbc:EndpointID></cac:Party></cac:AccountingSupplierParty><cac:LegalMonetaryTotal><cbc:PayableAmount currencyID=""EUR"">100.00</cbc:PayableAmount></cac:LegalMonetaryTotal></Invoice>"
INV-567372,Peppol BIS Billing 3.0,"<Invoice xmlns=""urn:oasis:names:specification:ubl:schema:xsd:Invoice-2""><cbc:CustomizationID>urn:fdc:peppol.eu:2017:poacc:billing:01:1.0</cbc:CustomizationID><cbc:ID>INV-567372</cbc:ID><cbc:IssueDate>2026-01-01</cbc:IssueDate><cbc:DocumentCurrencyCode>EUR</cbc:DocumentCurrencyCode><cac:AccountingSupplierParty><cac:Party><cbc:EndpointID schemeID=""0088"">7984778337550</cbc:EndpointID></cac:Party></cac:AccountingSupplierParty><cac:LegalMonetaryTotal><cbc:PayableAmount currencyID=""EUR"">100.00</cbc:PayableAmount></cac:LegalMonetaryTotal></Invoice>"
INV-729955,Peppol BIS Billing 3.0,"<Invoice xmlns=""urn:oasis:names:specification:ubl:schema:xsd:Invoice-2""><cbc:CustomizationID>urn:fdc:peppol.eu:2017:poacc:billing:01:1.0</cbc:CustomizationID><cbc:ID>INV-729955</cbc:ID><cbc:IssueDate>2026-01-01</cbc:IssueDate><cbc:DocumentCurrencyCode>EUR</cbc:DocumentCurrencyCode><cac:AccountingSupplierParty><cac:Party><cbc:EndpointID schemeID=""0088"">4817824070020</cbc:EndpointID></cac:Party></cac:AccountingSupplierParty><cac:LegalMonetaryTotal><cbc:PayableAmount currencyID=""EUR"">100.00</cbc:PayableAmount></cac:LegalMonetaryTotal></Invoice>"
INV-777737,Peppol BIS Billing 3.0,"<Invoice xmlns=""urn:oasis:names:specification:ubl:schema:xsd:Invoice-2""><cbc:CustomizationID>urn:fdc:peppol.eu:2017:poacc:billing:01:1.0</cbc:CustomizationID><cbc:ID>INV-777737</cbc:ID><cbc:IssueDate>2026-01-01</cbc:IssueDate><cbc:DocumentCurrencyCode>EUR</cbc:DocumentCurrencyCode><cac:AccountingSupplierParty><cac:Party><cbc:EndpointID schemeID=""0088"">7720461142053</cbc:EndpointID></cac:Party></cac:AccountingSupplierParty><cac:LegalMonetaryTotal><cbc:PayableAmount currencyID=""EUR"">100.00</cbc:PayableAmount></cac:LegalMonetaryTotal></Invoice>"
INV-891066,Peppol BIS Billing 3.0,"<Invoice xmlns=""urn:oasis:names:specification:ubl:schema:xsd:Invoice-2""><cbc:CustomizationID>urn:fdc:peppol.eu:2017:poacc:billing:01:1.0</cbc:CustomizationID><cbc:ID>INV-891066</cbc:ID><cbc:IssueDate>2026-01-01</cbc:IssueDate><cbc:DocumentCurrencyCode>EUR</cbc:DocumentCurrencyCode><cac:AccountingSupplierParty><cac:Party><cbc:EndpointID schemeID=""0088"">0433777930446</cbc:EndpointID></cac:Party></cac:AccountingSupplierParty><cac:LegalMonetaryTotal><cbc:PayableAmount currencyID=""EUR"">100.00</cbc:PayableAmount></cac:LegalMonetaryTotal></Invoice>"
INV-190238,Peppol BIS Billing 3.0,"<Invoice xmlns=""urn:oasis:names:specification:ubl:schema:xsd:Invoice-2""><cbc:CustomizationID>urn:fdc:peppol.eu:2017:poacc:billing:01:1.0</cbc:CustomizationID><cbc:ID>INV-190238</cbc:ID><cbc:IssueDate>2026-01-01</cbc:IssueDate><cbc:DocumentCurrencyCode>EUR</cbc:DocumentCurrencyCode><cac:AccountingSupplierParty><cac:Party><cbc:EndpointID schemeID=""0088"">6943425617884</cbc:EndpointID></cac:Party></cac:AccountingSupplierParty><cac:LegalMonetaryTotal><cbc:PayableAmount currencyID=""EUR"">100.00</cbc:PayableAmount></cac:LegalMonetaryTotal></Invoice>"
INV-812258,Peppol BIS Billing 3.0,"<Invoice xmlns=""urn:oasis:names:specification:ubl:schema:xsd:Invoice-2""><cbc:CustomizationID>urn:fdc:peppol.eu:2017:poacc:billing:01:1.0</cbc:CustomizationID><cbc:ID>INV-812258</cbc:ID><cbc:IssueDate>2026-01-01</cbc:IssueDate><cbc:DocumentCurrencyCode>EUR</cbc:DocumentCurrencyCode><cac:AccountingSupplierParty><cac:Party><cbc:EndpointID schemeID=""0088"">9401215583057</cbc:EndpointID></cac:Party></cac:AccountingSupplierParty><cac:LegalMonetaryTotal><cbc:PayableAmount currencyID=""EUR"">100.00</cbc:PayableAmount></cac:LegalMonetaryTotal></Invoice>"
INV-157079,Peppol BIS Billing 3.0,"<Invoice xmlns=""urn:oasis:names:specification:ubl:schema:xsd:Invoice-2""><cbc:CustomizationID>urn:fdc:peppol.eu:2017:poacc:billing:01:1.0</cbc:CustomizationID><cbc:ID>INV-157079</cbc:ID><cbc:IssueDate>2026-01-01</cbc:IssueDate><cbc:DocumentCurrencyCode>EUR</cbc:DocumentCurrencyCode><cac:AccountingSupplierParty><cac:Party><cbc:EndpointID schemeID=""0088"">2420831196613</cbc:EndpointID></cac:Party></cac:AccountingSupplierParty><cac:LegalMonetaryTotal><cbc:PayableAmount currencyID=""EUR"">100.00</cbc:PayableAmount></cac:LegalMonetaryTotal></Invoice>"
INV-774498,Peppol BIS Billing 3.0,"<Invoice xmlns=""urn:oasis:names:specification:ubl:schema:xsd:Invoice-2""><cbc:CustomizationID>urn:fdc:peppol.eu:2017:poacc:billing:01:1.0</cbc:CustomizationID><cbc:ID>INV-774498</cbc:ID><cbc:IssueDate>2026-01-01</cbc:IssueDate><cbc:DocumentCurrencyCode>EUR</cbc:DocumentCurrencyCode><cac:AccountingSupplierParty><cac:Party><cbc:EndpointID schemeID=""0088"">3202435155073</cbc:EndpointID></cac:Party></cac:AccountingSupplierParty><cac:LegalMonetaryTotal><cbc:PayableAmount currencyID=""EUR"">100.00</cbc:PayableAmount></cac:LegalMonetaryTotal></Invoice>"
INV-576386,Peppol BIS Billing 3.0,"<Invoice xmlns=""urn:oasis:names:specification:ubl:schema:xsd:Invoice-2""><cbc:CustomizationID>urn:fdc:peppol.eu:2017:poacc:billing:01:1.0</cbc:CustomizationID><cbc:ID>INV-576386</cbc:ID><cbc:IssueDate>2026-01-01</cbc:IssueDate><cbc:DocumentCurrencyCode>EUR</cbc:DocumentCurrencyCode><cac:AccountingSupplierParty><cac:Party><cbc:EndpointID schemeID=""0088"">0683315564999</cbc:EndpointID></cac:Party></cac:AccountingSupplierParty><cac:LegalMonetaryTotal><cbc:PayableAmount currencyID=""EUR"">100.00</cbc:PayableAmount></cac:LegalMonetaryTotal></Invoice>"
INV-432576,Peppol BIS Billing 3.0,"<Invoice xmlns=""urn:oasis:names:specification:ubl:schema:xsd:Invoice-2""><cbc:CustomizationID>urn:fdc:peppol.eu:2017:poacc:billing:01:1.0</cbc:CustomizationID><cbc:ID>INV-432576</cbc:ID><cbc:IssueDate>2026-01-01</cbc:IssueDate><cbc:DocumentCurrencyCode>EUR</cbc:DocumentCurrencyCode><cac:AccountingSupplierParty><cac:Party><cbc:EndpointID schemeID=""0088"">2097673504790</cbc:EndpointID></cac:Party></cac:AccountingSupplierParty><cac:LegalMonetaryTotal><cbc:PayableAmount currencyID=""EUR"">100.00</cbc:PayableAmount></cac:LegalMonetaryTotal></Invoice>"
INV-149462,Peppol BIS Billing 3.0,"<Invoice xmlns=""urn:oasis:names:specification:ubl:schema:xsd:Invoice-2""><cbc:CustomizationID>urn:fdc:peppol.eu:2017:poacc:billing:01:1.0</cbc:CustomizationID><cbc:ID>INV-149462</cbc:ID><cbc:IssueDate>2026-01-01</cbc:IssueDate><cbc:DocumentCurrencyCode>EUR</cbc:DocumentCurrencyCode><cac:AccountingSupplierParty><cac:Party><cbc:EndpointID schemeID=""0088"">7015566547275</cbc:EndpointID></cac:Party></cac:AccountingSupplierParty><cac:LegalMonetaryTotal><cbc:PayableAmount currencyID=""EUR"">100.00</cbc:PayableAmount></cac:LegalMonetaryTotal></Invoice>"
INV-048889,Peppol BIS Billing 3.0,"<Invoice xmlns=""urn:oasis:names:specification:ubl:schema:xsd:Invoice-2""><cbc:CustomizationID>urn:fdc:peppol.eu:2017:poacc:billing:01:1.0</cbc:CustomizationID><cbc:ID>INV-048889</cbc:ID><cbc:IssueDate>2026-01-01</cbc:IssueDate><cbc:DocumentCurrencyCode>EUR</cbc:DocumentCurrencyCode><cac:AccountingSupplierParty><cac:Party><cbc:EndpointID schemeID=""0088"">5772579738326</cbc:EndpointID></cac:Party></cac:AccountingSupplierParty><cac:LegalMonetaryTotal><cbc:PayableAmount currencyID=""EUR"">100.00</cbc:PayableAmount></cac:LegalMonetaryTotal></Invoice>"
INV-390667,Peppol BIS Billing 3.0,"<Invoice xmlns=""urn:oasis:names:specification:ubl:schema:xsd:Invoice-2""><cbc:CustomizationID>urn:fdc:peppol.eu:2017:poacc:billing:01:1.0</cbc:CustomizationID><cbc:ID>INV-390667</cbc:ID><cbc:IssueDate>2026-01-01</cbc:IssueDate><cbc:DocumentCurrencyCode>EUR</cbc:DocumentCurrencyCode><cac:AccountingSupplierParty><cac:Party><cbc:EndpointID schemeID=""0088"">0821556949442</cbc:EndpointID></cac:Party></cac:AccountingSupplierParty><cac:LegalMonetaryTotal><cbc:PayableAmount currencyID=""EUR"">100.00</cbc:PayableAmount></cac:LegalMonetaryTotal></Invoice>"
INV-562378,Peppol BIS Billing 3.0,"<Invoice xmlns=""urn:oasis:names:specification:ubl:schema:xsd:Invoice-2""><cbc:CustomizationID>urn:fdc:peppol.eu:2017:poacc:billing:01:1.0</cbc:CustomizationID><cbc:ID>INV-562378</cbc:ID><cbc:IssueDate>2026-01-01</cbc:IssueDate><cbc:DocumentCurrencyCode>EUR</cbc:DocumentCurrencyCode><cac:AccountingSupplierParty><cac:Party><cbc:EndpointID schemeID=""0088"">0130348825408</cbc:EndpointID></cac:Party></cac:AccountingSupplierParty><cac:LegalMonetaryTotal><cbc:PayableAmount currencyID=""EUR"">100.00</cbc:PayableAmount></cac:LegalMonetaryTotal></Invoice>"
INV-849399,Peppol BIS Billing 3.0,"<Invoice xmlns=""urn:oasis:names:specification:ubl:schema:xsd:Invoice-2""><cbc:CustomizationID>urn:fdc:peppol.eu:2017:poacc:billing:01:1.0</cbc:CustomizationID><cbc:ID>INV-849399</cbc:ID><cbc:IssueDate>2026-01-01</cbc:IssueDate><cbc:DocumentCurrencyCode>EUR</cbc:DocumentCurrencyCode><cac:AccountingSupplierParty><cac:Party><cbc:EndpointID schemeID=""0088"">6064326347697</cbc:EndpointID></cac:Party></cac:AccountingSupplierParty><cac:LegalMonetaryTotal><cbc:PayableAmount currencyID=""EUR"">100.00</cbc:PayableAmount></cac:LegalMonetaryTotal></Invoice>"
INV-186863,Peppol BIS Billing 3.0,"<Invoice xmlns=""urn:oasis:names:specification:ubl:schema:xsd:Invoice-2""><cbc:CustomizationID>urn:fdc:peppol.eu:2017:poacc:billing:01:1.0</cbc:CustomizationID><cbc:ID>INV-186863</cbc:ID><cbc:IssueDate>2026-01-01</cbc:IssueDate><cbc:DocumentCurrencyCode>EUR</cbc:DocumentCurrencyCode><cac:AccountingSupplierParty><cac:Party><cbc:EndpointID schemeID=""0088"">7973882720183</cbc:EndpointID></cac:Party></cac:AccountingSupplierParty><cac:LegalMonetaryTotal><cbc:PayableAmount currencyID=""EUR"">100.00</cbc:PayableAmount></cac:LegalMonetaryTotal></Invoice>"
INV-571759,Peppol BIS Billing 3.0,"<Invoice xmlns=""urn:oasis:names:specification:ubl:schema:xsd:Invoice-2""><cbc:CustomizationID>urn:fdc:peppol.eu:2017:poacc:billing:01:1.0</cbc:CustomizationID><cbc:ID>INV-571759</cbc:ID><cbc:IssueDate>2026-01-01</cbc:IssueDate><cbc:DocumentCurrencyCode>EUR</cbc:DocumentCurrencyCode><cac:AccountingSupplierParty><cac:Party><cbc:EndpointID schemeID=""0088"">2180831723184</cbc:EndpointID></cac:Party></cac:AccountingSupplierParty><cac:LegalMonetaryTotal><cbc:PayableAmount currencyID=""EUR"">100.00</cbc:PayableAmount></cac:LegalMonetaryTotal></Invoice>"
INV-436529,Peppol BIS Billing 3.0,"<Invoice xmlns=""urn:oasis:names:specification:ubl:schema:xsd:Invoice-2""><cbc:CustomizationID>urn:fdc:peppol.eu:2017:poacc:billing:01:1.0</cbc:CustomizationID><cbc:ID>INV-436529</cbc:ID><cbc:IssueDate>2026-01-01</cbc:IssueDate><cbc:DocumentCurrencyCode>EUR</cbc:DocumentCurrencyCode><cac:AccountingSupplierParty><cac:Party><cbc:EndpointID schemeID=""0088"">9818327941290</cbc:EndpointID></cac:Party></cac:AccountingSupplierParty><cac:LegalMonetaryTotal><cbc:PayableAmount currencyID=""EUR"">100.00</cbc:PayableAmount></cac:LegalMonetaryTotal></Invoice>"
INV-793903,Peppol BIS Billing 3.0,"<Invoice xmlns=""urn:oasis:names:specification:ubl:schema:xsd:Invoice-2""><cbc:CustomizationID>urn:fdc:peppol.eu:2017:poacc:billing:01:1.0</cbc:CustomizationID><cbc:ID>INV-793903</cbc:ID><cbc:IssueDate>2026-01-01</cbc:IssueDate><cbc:DocumentCurrencyCode>EUR</cbc:DocumentCurrencyCode><cac:AccountingSupplierParty><cac:Party><cbc:EndpointID schemeID=""0088"">4697287516068</cbc:EndpointID></cac:Party></cac:AccountingSupplierParty><cac:LegalMonetaryTotal><cbc:PayableAmount currencyID=""EUR"">100.00</cbc:PayableAmount></cac:LegalMonetaryTotal></Invoice>"
INV-231090,Peppol BIS Billing 3.0,"<Invoice xmlns=""urn:oasis:names:specification:ubl:schema:xsd:Invoice-2""><cbc:CustomizationID>urn:fdc:peppol.eu:2017:poacc:billing:01:1.0</cbc:CustomizationID><cbc:ID>INV-231090</cbc:ID><cbc:IssueDate>2026-01-01</cbc:IssueDate><cbc:DocumentCurrencyCode>EUR</cbc:DocumentCurrencyCode><cac:AccountingSupplierParty><cac:Party><cbc:EndpointID schemeID=""0088"">9780866145337</cbc:EndpointID></cac:Party></cac:AccountingSupplierParty><cac:LegalMonetaryTotal><cbc:PayableAmount currencyID=""EUR"">100.00</cbc:PayableAmount></cac:LegalMonetaryTotal></Invoice>"
INV-805469,Peppol BIS Billing 3.0,"<Invoice xmlns=""urn:oasis:names:specification:ubl:schema:xsd:Invoice-2""><cbc:CustomizationID>urn:fdc:peppol.eu:2017:poacc:billing:01:1.0</cbc:CustomizationID><cbc:ID>INV-805469</cbc:ID><cbc:IssueDate>2026-01-01</cbc:IssueDate><cbc:DocumentCurrencyCode>EUR</cbc:DocumentCurrencyCode><cac:AccountingSupplierParty><cac:Party><cbc:EndpointID schemeID=""0088"">8329410057860</cbc:EndpointID></cac:Party></cac:AccountingSupplierParty><cac:LegalMonetaryTotal><cbc:PayableAmount currencyID=""EUR"">100.00</cbc:PayableAmount></cac:LegalMonetaryTotal></Invoice>"
INV-963986,Peppol BIS Billing 3.0,"<Invoice xmlns=""urn:oasis:names:specification:ubl:schema:xsd:Invoice-2""><cbc:CustomizationID>urn:fdc:peppol.eu:2017:poacc:billing:01:1.0</cbc:CustomizationID><cbc:ID>INV-963986</cbc:ID><cbc:IssueDate>2026-01-01</cbc:IssueDate><cbc:DocumentCurrencyCode>EUR</cbc:DocumentCurrencyCode><cac:AccountingSupplierParty><cac:Party><cbc:EndpointID schemeID=""0088"">8664126434929</cbc:EndpointID></cac:Party></cac:AccountingSupplierParty><cac:LegalMonetaryTotal><cbc:PayableAmount currencyID=""EUR"">100.00</cbc:PayableAmount></cac:LegalMonetaryTotal></Invoice>"
INV-390654,Peppol BIS Billing 3.0,"<Invoice xmlns=""urn:oasis:names:specification:ubl:schema:xsd:Invoice-2""><cbc:CustomizationID>urn:fdc:peppol.eu:2017:poacc:billing:01:1.0</cbc:CustomizationID><cbc:ID>INV-390654</cbc:ID><cbc:IssueDate>2026-01-01</cbc:IssueDate><cbc:DocumentCurrencyCode>EUR</cbc:DocumentCurrencyCode><cac:AccountingSupplierParty><cac:Party><cbc:EndpointID schemeID=""0088"">2118549750768</cbc:EndpointID></cac:Party></cac:AccountingSupplierParty><cac:LegalMonetaryTotal><cbc:PayableAmount currencyID=""EUR"">100.00</cbc:PayableAmount></cac:LegalMonetaryTotal></Invoice>"
INV-816042,Peppol BIS Billing 3.0,"<Invoice xmlns=""urn:oasis:names:specification:ubl:schema:xsd:Invoice-2""><cbc:CustomizationID>urn:fdc:peppol.eu:2017:poacc:billing:01:1.0</cbc:CustomizationID><cbc:ID>INV-816042</cbc:ID><cbc:IssueDate>2026-01-01</cbc:IssueDate><cbc:DocumentCurrencyCode>EUR</cbc:DocumentCurrencyCode><cac:AccountingSupplierParty><cac:Party><cbc:EndpointID schemeID=""0088"">2663181248870</cbc:EndpointID></cac:Party></cac:AccountingSupplierParty><cac:LegalMonetaryTotal><cbc:PayableAmount currencyID=""EUR"">100.00</cbc:PayableAmount></cac:LegalMonetaryTotal></Invoice>"
INV-079765,Peppol BIS Billing 3.0,"<Invoice xmlns=""urn:oasis:names:specification:ubl:schema:xsd:Invoice-2""><cbc:CustomizationID>urn:fdc:peppol.eu:2017:poacc:billing:01:1.0</cbc:CustomizationID><cbc:ID>INV-079765</cbc:ID><cbc:IssueDate>2026-01-01</cbc:IssueDate><cbc:DocumentCurrencyCode>EUR</cbc:DocumentCurrencyCode><cac:AccountingSupplierParty><cac:Party><cbc:EndpointID schemeID=""0088"">8247574413232</cbc:EndpointID></cac:Party></cac:AccountingSupplierParty><cac:LegalMonetaryTotal><cbc:PayableAmount currencyID=""EUR"">100.00</cbc:PayableAmount></cac:LegalMonetaryTotal></Invoice>"
INV-783631,Peppol BIS Billing 3.0,"<Invoice xmlns=""urn:oasis:names:specification:ubl:schema:xsd:Invoice-2""><cbc:CustomizationID>urn:fdc:peppol.eu:2017:poacc:billing:01:1.0</cbc:CustomizationID><cbc:ID>INV-783631</cbc:ID><cbc:IssueDate>2026-01-01</cbc:IssueDate><cbc:DocumentCurrencyCode>EUR</cbc:DocumentCurrencyCode><cac:AccountingSupplierParty><cac:Party><cbc:EndpointID schemeID=""0088"">6490272271362</cbc:EndpointID></cac:Party></cac:AccountingSupplierParty><cac:LegalMonetaryTotal><cbc:PayableAmount currencyID=""EUR"">100.00</cbc:PayableAmount></cac:LegalMonetaryTotal></Invoice>"
INV-365332,Peppol BIS Billing 3.0,"<Invoice xmlns=""urn:oasis:names:specification:ubl:schema:xsd:Invoice-2""><cbc:CustomizationID>urn:fdc:peppol.eu:2017:poacc:billing:01:1.0</cbc:CustomizationID><cbc:ID>INV-365332</cbc:ID><cbc:IssueDate>2026-01-01</cbc:IssueDate><cbc:DocumentCurrencyCode>EUR</cbc:DocumentCurrencyCode><cac:AccountingSupplierParty><cac:Party><cbc:EndpointID schemeID=""0088"">5178558788847</cbc:EndpointID></cac:Party></cac:AccountingSupplierParty><cac:LegalMonetaryTotal><cbc:PayableAmount currencyID=""EUR"">100.00</cbc:PayableAmount></cac:LegalMonetaryTotal></Invoice>"
INV-054209,Peppol BIS Billing 3.0,"<Invoice xmlns=""urn:oasis:names:specification:ubl:schema:xsd:Invoice-2""><cbc:CustomizationID>urn:fdc:peppol.eu:2017:poacc:billing:01:1.0</cbc:CustomizationID><cbc:ID>INV-054209</cbc:ID><cbc:IssueDate>2026-01-01</cbc:IssueDate><cbc:DocumentCurrencyCode>EUR</cbc:DocumentCurrencyCode><cac:AccountingSupplierParty><cac:Party><cbc:EndpointID schemeID=""0088"">6980195179971</cbc:EndpointID></cac:Party></cac:AccountingSupplierParty><cac:LegalMonetaryTotal><cbc:PayableAmount currencyID=""EUR"">100.00</cbc:PayableAmount></cac:LegalMonetaryTotal></Invoice>"
INV-692451,Peppol BIS Billing 3.0,"<Invoice xmlns=""urn:oasis:names:specification:ubl:schema:xsd:Invoice-2""><cbc:CustomizationID>urn:fdc:peppol.eu:2017:poacc:billing:01:1.0</cbc:CustomizationID><cbc:ID>INV-692451</cbc:ID><cbc:IssueDate>2026-01-01</cbc:IssueDate><cbc:DocumentCurrencyCode>EUR</cbc:DocumentCurrencyCode><cac:AccountingSupplierParty><cac:Party><cbc:EndpointID schemeID=""0088"">2825452863038</cbc:EndpointID></cac:Party></cac:AccountingSupplierParty><cac:LegalMonetaryTotal><cbc:PayableAmount currencyID=""EUR"">100.00</cbc:PayableAmount></cac:LegalMonetaryTotal></Invoice>"
INV-000458,Peppol BIS Billing 3.0,"<Invoice xmlns=""urn:oasis:names:specification:ubl:schema:xsd:Invoice-2""><cbc:CustomizationID>urn:fdc:peppol.eu:2017:poacc:billing:01:1.0</cbc:CustomizationID><cbc:ID>INV-000458</cbc:ID><cbc:IssueDate>2026-01-01</cbc:IssueDate><cbc:DocumentCurrencyCode>EUR</cbc:DocumentCurrencyCode><cac:AccountingSupplierParty><cac:Party><cbc:EndpointID schemeID=""0088"">6910221808892</cbc:EndpointID></cac:Party></cac:AccountingSupplierParty><cac:LegalMonetaryTotal><cbc:PayableAmount currencyID=""EUR"">100.00</cbc:PayableAmount></cac:LegalMonetaryTotal></Invoice>"
INV-697952,Peppol BIS Billing 3.0,"<Invoice xmlns=""urn:oasis:names:specification:ubl:schema:xsd:Invoice-2""><cbc:CustomizationID>urn:fdc:peppol.eu:2017:poacc:billing:01:1.0</cbc:CustomizationID><cbc:ID>INV-697952</cbc:ID><cbc:IssueDate>2026-01-01</cbc:IssueDate><cbc:DocumentCurrencyCode>EUR</cbc:DocumentCurrencyCode><cac:AccountingSupplierParty><cac:Party><cbc:EndpointID schemeID=""0088"">0663607388948</cbc:EndpointID></cac:Party></cac:AccountingSupplierParty><cac:LegalMonetaryTotal><cbc:PayableAmount currencyID=""EUR"">100.00</cbc:PayableAmount></cac:LegalMonetaryTotal></Invoice>"
INV-468645,Peppol BIS Billing 3.0,"<Invoice xmlns=""urn:oasis:names:specification:ubl:schema:xsd:Invoice-2""><cbc:CustomizationID>urn:fdc:peppol.eu:2017:poacc:billing:01:1.0</cbc:CustomizationID><cbc:ID>INV-468645</cbc:ID><cbc:IssueDate>2026-01-01</cbc:IssueDate><cbc:DocumentCurrencyCode>EUR</cbc:DocumentCurrencyCode><cac:AccountingSupplierParty><cac:Party><cbc:EndpointID schemeID=""0088"">7334205956483</cbc:EndpointID></cac:Party></cac:AccountingSupplierParty><cac:LegalMonetaryTotal><cbc:PayableAmount currencyID=""EUR"">100.00</cbc:PayableAmount></cac:LegalMonetaryTotal></Invoice>"
INV-089572,Peppol BIS Billing 3.0,"<Invoice xmlns=""urn:oasis:names:specification:ubl:schema:xsd:Invoice-2""><cbc:CustomizationID>urn:fdc:peppol.eu:2017:poacc:billing:01:1.0</cbc:CustomizationID><cbc:ID>INV-089572</cbc:ID><cbc:IssueDate>2026-01-01</cbc:IssueDate><cbc:DocumentCurrencyCode>EUR</cbc:DocumentCurrencyCode><cac:AccountingSupplierParty><cac:Party><cbc:EndpointID schemeID=""0088"">6126777794750</cbc:EndpointID></cac:Party></cac:AccountingSupplierParty><cac:LegalMonetaryTotal><cbc:PayableAmount currencyID=""EUR"">100.00</cbc:PayableAmount></cac:LegalMonetaryTotal></Invoice>"
INV-457784,Peppol BIS Billing 3.0,"<Invoice xmlns=""urn:oasis:names:specification:ubl:schema:xsd:Invoice-2""><cbc:CustomizationID>urn:fdc:peppol.eu:2017:poacc:billing:01:1.0</cbc:CustomizationID><cbc:ID>INV-457784</cbc:ID><cbc:IssueDate>2026-01-01</cbc:IssueDate><cbc:DocumentCurrencyCode>EUR</cbc:DocumentCurrencyCode><cac:AccountingSupplierParty><cac:Party><cbc:EndpointID schemeID=""0088"">4998005982721</cbc:EndpointID></cac:Party></cac:AccountingSupplierParty><cac:LegalMonetaryTotal><cbc:PayableAmount currencyID=""EUR"">100.00</cbc:PayableAmount></cac:LegalMonetaryTotal></Invoice>"
INV-187777,Peppol BIS Billing 3.0,"<Invoice xmlns=""urn:oasis:names:specification:ubl:schema:xsd:Invoice-2""><cbc:CustomizationID>urn:fdc:peppol.eu:2017:poacc:billing:01:1.0</cbc:CustomizationID><cbc:ID>INV-187777</cbc:ID><cbc:IssueDate>2026-01-01</cbc:IssueDate><cbc:DocumentCurrencyCode>EUR</cbc:DocumentCurrencyCode><cac:AccountingSupplierParty><cac:Party><cbc:EndpointID schemeID=""0088"">7833418910427</cbc:EndpointID></cac:Party></cac:AccountingSupplierParty><cac:LegalMonetaryTotal><cbc:PayableAmount currencyID=""EUR"">100.00</cbc:PayableAmount></cac:LegalMonetaryTotal></Invoice>"
INV-810780,Peppol BIS Billing 3.0,"<Invoice xmlns=""urn:oasis:names:specification:ubl:schema:xsd:Invoice-2""><cbc:CustomizationID>urn:fdc:peppol.eu:2017:poacc:billing:01:1.0</cbc:CustomizationID><cbc:ID>INV-810780</cbc:ID><cbc:IssueDate>2026-01-01</cbc:IssueDate><cbc:DocumentCurrencyCode>EUR</cbc:DocumentCurrencyCode><cac:AccountingSupplierParty><cac:Party><cbc:EndpointID schemeID=""0088"">6159706076153</cbc:EndpointID></cac:Party></cac:AccountingSupplierParty><cac:LegalMonetaryTotal><cbc:PayableAmount currencyID=""EUR"">100.00</cbc:PayableAmount></cac:LegalMonetaryTotal></Invoice>"
INV-689693,Peppol BIS Billing 3.0,"<Invoice xmlns=""urn:oasis:names:specification:ubl:schema:xsd:Invoice-2""><cbc:CustomizationID>urn:fdc:peppol.eu:2017:poacc:billing:01:1.0</cbc:CustomizationID><cbc:ID>INV-689693</cbc:ID><cbc:IssueDate>2026-01-01</cbc:IssueDate><cbc:DocumentCurrencyCode>EUR</cbc:DocumentCurrencyCode><cac:AccountingSupplierParty><cac:Party><cbc:EndpointID schemeID=""0088"">6173431952833</cbc:EndpointID></cac:Party></cac:AccountingSupplierParty><cac:LegalMonetaryTotal><cbc:PayableAmount currencyID=""EUR"">100.00</cbc:PayableAmount></cac:LegalMonetaryTotal></Invoice>"
INV-594837,Peppol BIS Billing 3.0,"<Invoice xmlns=""urn:oasis:names:specification:ubl:schema:xsd:Invoice-2""><cbc:CustomizationID>urn:fdc:peppol.eu:2017:poacc:billing:01:1.0</cbc:CustomizationID><cbc:ID>INV-594837</cbc:ID><cbc:IssueDate>2026-01-01</cbc:IssueDate><cbc:DocumentCurrencyCode>EUR</cbc:DocumentCurrencyCode><cac:AccountingSupplierParty><cac:Party><cbc:EndpointID schemeID=""0088"">0843951232441</cbc:EndpointID></cac:Party></cac:AccountingSupplierParty><cac:LegalMonetaryTotal><cbc:PayableAmount currencyID=""EUR"">100.00</cbc:PayableAmount></cac:LegalMonetaryTotal></Invoice>"
INV-283709,Peppol BIS Billing 3.0,"<Invoice xmlns=""urn:oasis:names:specification:ubl:schema:xsd:Invoice-2""><cbc:CustomizationID>urn:fdc:peppol.eu:2017:poacc:billing:01:1.0</cbc:CustomizationID><cbc:ID>INV-283709</cbc:ID><cbc:IssueDate>2026-01-01</cbc:IssueDate><cbc:DocumentCurrencyCode>EUR</cbc:DocumentCurrencyCode><cac:AccountingSupplierParty><cac:Party><cbc:EndpointID schemeID=""0088"">6910427148162</cbc:EndpointID></cac:Party></cac:AccountingSupplierParty><cac:LegalMonetaryTotal><cbc:PayableAmount currencyID=""EUR"">100.00</cbc:PayableAmount></cac:LegalMonetaryTotal></Invoice>"
INV-917871,Peppol BIS Billing 3.0,"<Invoice xmlns=""urn:oasis:names:specification:ubl:schema:xsd:Invoice-2""><cbc:CustomizationID>urn:fdc:peppol.eu:2017:poacc:billing:01:1.0</cbc:CustomizationID><cbc:ID>INV-917871</cbc:ID><cbc:IssueDate>2026-01-01</cbc:IssueDate><cbc:DocumentCurrencyCode>EUR</cbc:DocumentCurrencyCode><cac:AccountingSupplierParty><cac:Party><cbc:EndpointID schemeID=""0088"">5399147655046</cbc:EndpointID></cac:Party></cac:AccountingSupplierParty><cac:LegalMonetaryTotal><cbc:PayableAmount currencyID=""EUR"">100.00</cbc:PayableAmount></cac:LegalMonetaryTotal></Invoice>"
INV-967529,Peppol BIS Billing 3.0,"<Invoice xmlns=""urn:oasis:names:specification:ubl:schema:xsd:Invoice-2""><cbc:CustomizationID>urn:fdc:peppol.eu:2017:poacc:billing:01:1.0</cbc:CustomizationID><cbc:ID>INV-967529</cbc:ID><cbc:IssueDate>2026-01-01</cbc:IssueDate><cbc:DocumentCurrencyCode>EUR</cbc:DocumentCurrencyCode><cac:AccountingSupplierParty><cac:Party><cbc:EndpointID schemeID=""0088"">6273513055858</cbc:EndpointID></cac:Party></cac:AccountingSupplierParty><cac:LegalMonetaryTotal><cbc:PayableAmount currencyID=""EUR"">100.00</cbc:PayableAmount></cac:LegalMonetaryTotal></Invoice>"
INV-519943,Peppol BIS Billing 3.0,"<Invoice xmlns=""urn:oasis:names:specification:ubl:schema:xsd:Invoice-2""><cbc:CustomizationID>urn:fdc:peppol.eu:2017:poacc:billing:01:1.0</cbc:CustomizationID><cbc:ID>INV-519943</cbc:ID><cbc:IssueDate>2026-01-01</cbc:IssueDate><cbc:DocumentCurrencyCode>EUR</cbc:DocumentCurrencyCode><cac:AccountingSupplierParty><cac:Party><cbc:EndpointID schemeID=""0088"">5470605415883</cbc:EndpointID></cac:Party></cac:AccountingSupplierParty><cac:LegalMonetaryTotal><cbc:PayableAmount currencyID=""EUR"">100.00</cbc:PayableAmount></cac:LegalMonetaryTotal></Invoice>"
INV-475377,Peppol BIS Billing 3.0,"<Invoice xmlns=""urn:oasis:names:specification:ubl:schema:xsd:Invoice-2""><cbc:CustomizationID>urn:fdc:peppol.eu:2017:poacc:billing:01:1.0</cbc:CustomizationID><cbc:ID>INV-475377</cbc:ID><cbc:IssueDate>2026-01-01</cbc:IssueDate><cbc:DocumentCurrencyCode>EUR</cbc:DocumentCurrencyCode><cac:AccountingSupplierParty><cac:Party><cbc:EndpointID schemeID=""0088"">0638960338541</cbc:EndpointID></cac:Party></cac:AccountingSupplierParty><cac:LegalMonetaryTotal><cbc:PayableAmount currencyID=""EUR"">100.00</cbc:PayableAmount></cac:LegalMonetaryTotal></Invoice>"
INV-210716,Peppol BIS Billing 3.0,"<Invoice xmlns=""urn:oasis:names:specification:ubl:schema:xsd:Invoice-2""><cbc:CustomizationID>urn:fdc:peppol.eu:2017:poacc:billing:01:1.0</cbc:CustomizationID><cbc:ID>INV-210716</cbc:ID><cbc:IssueDate>2026-01-01</cbc:IssueDate><cbc:DocumentCurrencyCode>EUR</cbc:DocumentCurrencyCode><cac:AccountingSupplierParty><cac:Party><cbc:EndpointID schemeID=""0088"">8141188385839</cbc:EndpointID></cac:Party></cac:AccountingSupplierParty><cac:LegalMonetaryTotal><cbc:PayableAmount currencyID=""EUR"">100.00</cbc:PayableAmount></cac:LegalMonetaryTotal></Invoice>"
INV-644815,Peppol BIS Billing 3.0,"<Invoice xmlns=""urn:oasis:names:specification:ubl:schema:xsd:Invoice-2""><cbc:CustomizationID>urn:fdc:peppol.eu:2017:poacc:billing:01:1.0</cbc:CustomizationID><cbc:ID>INV-644815</cbc:ID><cbc:IssueDate>2026-01-01</cbc:IssueDate><cbc:DocumentCurrencyCode>EUR</cbc:DocumentCurrencyCode><cac:AccountingSupplierParty><cac:Party><cbc:EndpointID schemeID=""0088"">8990961757292</cbc:EndpointID></cac:Party></cac:AccountingSupplierParty><cac:LegalMonetaryTotal><cbc:PayableAmount currencyID=""EUR"">100.00</cbc:PayableAmount></cac:LegalMonetaryTotal></Invoice>"
INV-507503,Peppol BIS Billing 3.0,"<Invoice xmlns=""urn:oasis:names:specification:ubl:schema:xsd:Invoice-2""><cbc:CustomizationID>urn:fdc:peppol.eu:2017:poacc:billing:01:1.0</cbc:CustomizationID><cbc:ID>INV-507503</cbc:ID><cbc:IssueDate>2026-01-01</cbc:IssueDate><cbc:DocumentCurrencyCode>EUR</cbc:DocumentCurrencyCode><cac:AccountingSupplierParty><cac:Party><cbc:EndpointID schemeID=""0088"">7617414009415</cbc:EndpointID></cac:Party></cac:AccountingSupplierParty><cac:LegalMonetaryTotal><cbc:PayableAmount currencyID=""EUR"">100.00</cbc:PayableAmount></cac:LegalMonetaryTotal></Invoice>"
INV-597843,Peppol BIS Billing 3.0,"<Invoice xmlns=""urn:oasis:names:specification:ubl:schema:xsd:Invoice-2""><cbc:CustomizationID>urn:fdc:peppol.eu:2017:poacc:billing:01:1.0</cbc:CustomizationID><cbc:ID>INV-597843</cbc:ID><cbc:IssueDate>2026-01-01</cbc:IssueDate><cbc:DocumentCurrencyCode>EUR</cbc:DocumentCurrencyCode><cac:AccountingSupplierParty><cac:Party><cbc:EndpointID schemeID=""0088"">6521495928009</cbc:EndpointID></cac:Party></cac:AccountingSupplierParty><cac:LegalMonetaryTotal><cbc:PayableAmount currencyID=""EUR"">100.00</cbc:PayableAmount></cac:LegalMonetaryTotal></Invoice>"
INV-449893,Peppol BIS Billing 3.0,"<Invoice xmlns=""urn:oasis:names:specification:ubl:schema:xsd:Invoice-2""><cbc:CustomizationID>urn:fdc:peppol.eu:2017:poacc:billing:01:1.0</cbc:CustomizationID><cbc:ID>INV-449893</cbc:ID><cbc:IssueDate>2026-01-01</cbc:IssueDate><cbc:DocumentCurrencyCode>EUR</cbc:DocumentCurrencyCode><cac:AccountingSupplierParty><cac:Party><cbc:EndpointID schemeID=""0088"">8591193833321</cbc:EndpointID></cac:Party></cac:AccountingSupplierParty><cac:LegalMonetaryTotal><cbc:PayableAmount currencyID=""EUR"">100.00</cbc:PayableAmount></cac:LegalMonetaryTotal></Invoice>"
INV-528162,Peppol BIS Billing 3.0,"<Invoice xmlns=""urn:oasis:names:specification:ubl:schema:xsd:Invoice-2""><cbc:CustomizationID>urn:fdc:peppol.eu:2017:poacc:billing:01:1.0</cbc:CustomizationID><cbc:ID>INV-528162</cbc:ID><cbc:IssueDate>2026-01-01</cbc:IssueDate><cbc:DocumentCurrencyCode>EUR</cbc:DocumentCurrencyCode><cac:AccountingSupplierParty><cac:Party><cbc:EndpointID schemeID=""0088"">1358895109449</cbc:EndpointID></cac:Party></cac:AccountingSupplierParty><cac:LegalMonetaryTotal><cbc:PayableAmount currencyID=""EUR"">100.00</cbc:PayableAmount></cac:LegalMonetaryTotal></Invoice>"
INV-295621,Peppol BIS Billing 3.0,"<Invoice xmlns=""urn:oasis:names:specification:ubl:schema:xsd:Invoice-2""><cbc:CustomizationID>urn:fdc:peppol.eu:2017:poacc:billing:01:1.0</cbc:CustomizationID><cbc:ID>INV-295621</cbc:ID><cbc:IssueDate>2026-01-01</cbc:IssueDate><cbc:DocumentCurrencyCode>EUR</cbc:DocumentCurrencyCode><cac:AccountingSupplierParty><cac:Party><cbc:EndpointID schemeID=""0088"">9705177848030</cbc:EndpointID></cac:Party></cac:AccountingSupplierParty><cac:LegalMonetaryTotal><cbc:PayableAmount currencyID=""EUR"">100.00</cbc:PayableAmount></cac:LegalMonetaryTotal></Invoice>"
INV-867841,Peppol BIS Billing 3.0,"<Invoice xmlns=""urn:oasis:names:specification:ubl:schema:xsd:Invoice-2""><cbc:CustomizationID>urn:fdc:peppol.eu:2017:poacc:billing:01:1.0</cbc:CustomizationID><cbc:ID>INV-867841</cbc:ID><cbc:IssueDate>2026-01-01</cbc:IssueDate><cbc:DocumentCurrencyCode>EUR</cbc:DocumentCurrencyCode><cac:AccountingSupplierParty><cac:Party><cbc:EndpointID schemeID=""0088"">0320566795190</cbc:EndpointID></cac:Party></cac:AccountingSupplierParty><cac:LegalMonetaryTotal><cbc:PayableAmount currencyID=""EUR"">100.00</cbc:PayableAmount></cac:LegalMonetaryTotal></Invoice>"
INV-549528,Peppol BIS Billing 3.0,"<Invoice xmlns=""urn:oasis:names:specification:ubl:schema:xsd:Invoice-2""><cbc:CustomizationID>urn:fdc:peppol.eu:2017:poacc:billing:01:1.0</cbc:CustomizationID><cbc:ID>INV-549528</cbc:ID><cbc:IssueDate>2026-01-01</cbc:IssueDate><cbc:DocumentCurrencyCode>EUR</cbc:DocumentCurrencyCode><cac:AccountingSupplierParty><cac:Party><cbc:EndpointID schemeID=""0088"">8166434357038</cbc:EndpointID></cac:Party></cac:AccountingSupplierParty><cac:LegalMonetaryTotal><cbc:PayableAmount currencyID=""EUR"">100.00</cbc:PayableAmount></cac:LegalMonetaryTotal></Invoice>"
INV-656174,Peppol BIS Billing 3.0,"<Invoice xmlns=""urn:oasis:names:specification:ubl:schema:xsd:Invoice-2""><cbc:CustomizationID>urn:fdc:peppol.eu:2017:poacc:billing:01:1.0</cbc:CustomizationID><cbc:ID>INV-656174</cbc:ID><cbc:IssueDate>2026-01-01</cbc:IssueDate><cbc:DocumentCurrencyCode>EUR</cbc:DocumentCurrencyCode><cac:AccountingSupplierParty><cac:Party><cbc:EndpointID schemeID=""0088"">6761712089639</cbc:EndpointID></cac:Party></cac:AccountingSupplierParty><cac:LegalMonetaryTotal><cbc:PayableAmount currencyID=""EUR"">100.00</cbc:PayableAmount></cac:LegalMonetaryTotal></Invoice>"
INV-992049,Peppol BIS Billing 3.0,"<Invoice xmlns=""urn:oasis:names:specification:ubl:schema:xsd:Invoice-2""><cbc:CustomizationID>urn:fdc:peppol.eu:2017:poacc:billing:01:1.0</cbc:CustomizationID><cbc:ID>INV-992049</cbc:ID><cbc:IssueDate>2026-01-01</cbc:IssueDate><cbc:DocumentCurrencyCode>EUR</cbc:DocumentCurrencyCode><cac:AccountingSupplierParty><cac:Party><cbc:EndpointID schemeID=""0088"">5662487087804</cbc:EndpointID></cac:Party></cac:AccountingSupplierParty><cac:LegalMonetaryTotal><cbc:PayableAmount currencyID=""EUR"">100.00</cbc:PayableAmount></cac:LegalMonetaryTotal></Invoice>"
INV-907558,Peppol BIS Billing 3.0,"<Invoice xmlns=""urn:oasis:names:specification:ubl:schema:xsd:Invoice-2""><cbc:CustomizationID>urn:fdc:peppol.eu:2017:poacc:billing:01:1.0</cbc:CustomizationID><cbc:ID>INV-907558</cbc:ID><cbc:IssueDate>2026-01-01</cbc:IssueDate><cbc:DocumentCurrencyCode>EUR</cbc:DocumentCurrencyCode><cac:AccountingSupplierParty><cac:Party><cbc:EndpointID schemeID=""0088"">9345908024317</cbc:EndpointID></cac:Party></cac:AccountingSupplierParty><cac:LegalMonetaryTotal><cbc:PayableAmount currencyID=""EUR"">100.00</cbc:PayableAmount></cac:LegalMonetaryTotal></Invoice>"
INV-300700,Peppol BIS Billing 3.0,"<Invoice xmlns=""urn:oasis:names:specification:ubl:schema:xsd:Invoice-2""><cbc:CustomizationID>urn:fdc:peppol.eu:2017:poacc:billing:01:1.0</cbc:CustomizationID><cbc:ID>INV-300700</cbc:ID><cbc:IssueDate>2026-01-01</cbc:IssueDate><cbc:DocumentCurrencyCode>EUR</cbc:DocumentCurrencyCode><cac:AccountingSupplierParty><cac:Party><cbc:EndpointID schemeID=""0088"">0638942517795</cbc:EndpointID></cac:Party></cac:AccountingSupplierParty><cac:LegalMonetaryTotal><cbc:PayableAmount currencyID=""EUR"">100.00</cbc:PayableAmount></cac:LegalMonetaryTotal></Invoice>"
INV-107137,Peppol BIS Billing 3.0,"<Invoice xmlns=""urn:oasis:names:specification:ubl:schema:xsd:Invoice-2""><cbc:CustomizationID>urn:fdc:peppol.eu:2017:poacc:billing:01:1.0</cbc:CustomizationID><cbc:ID>INV-107137</cbc:ID><cbc:IssueDate>2026-01-01</cbc:IssueDate><cbc:DocumentCurrencyCode>EUR</cbc:DocumentCurrencyCode><cac:AccountingSupplierParty><cac:Party><cbc:EndpointID schemeID=""0088"">0731627575935</cbc:EndpointID></cac:Party></cac:AccountingSupplierParty><cac:LegalMonetaryTotal><cbc:PayableAmount currencyID=""EUR"">100.00</cbc:PayableAmount></cac:LegalMonetaryTotal></Invoice>"
INV-924256,Peppol BIS Billing 3.0,"<Invoice xmlns=""urn:oasis:names:specification:ubl:schema:xsd:Invoice-2""><cbc:CustomizationID>urn:fdc:peppol.eu:2017:poacc:billing:01:1.0</cbc:CustomizationID><cbc:ID>INV-924256</cbc:ID><cbc:IssueDate>2026-01-01</cbc:IssueDate><cbc:DocumentCurrencyCode>EUR</cbc:DocumentCurrencyCode><cac:AccountingSupplierParty><cac:Party><cbc:EndpointID schemeID=""0088"">8693590737879</cbc:EndpointID></cac:Party></cac:AccountingSupplierParty><cac:LegalMonetaryTotal><cbc:PayableAmount currencyID=""EUR"">100.00</cbc:PayableAmount></cac:LegalMonetaryTotal></Invoice>"
INV-274870,Peppol BIS Billing 3.0,"<Invoice xmlns=""urn:oasis:names:specification:ubl:schema:xsd:Invoice-2""><cbc:CustomizationID>urn:fdc:peppol.eu:2017:poacc:billing:01:1.0</cbc:CustomizationID><cbc:ID>INV-274870</cbc:ID><cbc:IssueDate>2026-01-01</cbc:IssueDate><cbc:DocumentCurrencyCode>EUR</cbc:DocumentCurrencyCode><cac:AccountingSupplierParty><cac:Party><cbc:EndpointID schemeID=""0088"">0613393247700</cbc:EndpointID></cac:Party></cac:AccountingSupplierParty><cac:LegalMonetaryTotal><cbc:PayableAmount currencyID=""EUR"">100.00</cbc:PayableAmount></cac:LegalMonetaryTotal></Invoice>"
INV-731950,Peppol BIS Billing 3.0,"<Invoice xmlns=""urn:oasis:names:specification:ubl:schema:xsd:Invoice-2""><cbc:CustomizationID>urn:fdc:peppol.eu:2017:poacc:billing:01:1.0</cbc:CustomizationID><cbc:ID>INV-731950</cbc:ID><cbc:IssueDate>2026-01-01</cbc:IssueDate><cbc:DocumentCurrencyCode>EUR</cbc:DocumentCurrencyCode><cac:AccountingSupplierParty><cac:Party><cbc:EndpointID schemeID=""0088"">7007033422796</cbc:EndpointID></cac:Party></cac:AccountingSupplierParty><cac:LegalMonetaryTotal><cbc:PayableAmount currencyID=""EUR"">100.00</cbc:PayableAmount></cac:LegalMonetaryTotal></Invoice>"
INV-547505,Peppol BIS Billing 3.0,"<Invoice xmlns=""urn:oasis:names:specification:ubl:schema:xsd:Invoice-2""><cbc:CustomizationID>urn:fdc:peppol.eu:2017:poacc:billing:01:1.0</cbc:CustomizationID><cbc:ID>INV-547505</cbc:ID><cbc:IssueDate>2026-01-01</cbc:IssueDate><cbc:DocumentCurrencyCode>EUR</cbc:DocumentCurrencyCode><cac:AccountingSupplierParty><cac:Party><cbc:EndpointID schemeID=""0088"">1964904969068</cbc:EndpointID></cac:Party></cac:AccountingSupplierParty><cac:LegalMonetaryTotal><cbc:PayableAmount currencyID=""EUR"">100.00</cbc:PayableAmount></cac:LegalMonetaryTotal></Invoice>"
INV-346351,Peppol BIS Billing 3.0,"<Invoice xmlns=""urn:oasis:names:specification:ubl:schema:xsd:Invoice-2""><cbc:CustomizationID>urn:fdc:peppol.eu:2017:poacc:billing:01:1.0</cbc:CustomizationID><cbc:ID>INV-346351</cbc:ID><cbc:IssueDate>2026-01-01</cbc:IssueDate><cbc:DocumentCurrencyCode>EUR</cbc:DocumentCurrencyCode><cac:AccountingSupplierParty><cac:Party><cbc:EndpointID schemeID=""0088"">5141209686533</cbc:EndpointID></cac:Party></cac:AccountingSupplierParty><cac:LegalMonetaryTotal><cbc:PayableAmount currencyID=""EUR"">100.00</cbc:PayableAmount></cac:LegalMonetaryTotal></Invoice>"
INV-803705,Peppol BIS Billing 3.0,"<Invoice xmlns=""urn:oasis:names:specification:ubl:schema:xsd:Invoice-2""><cbc:CustomizationID>urn:fdc:peppol.eu:2017:poacc:billing:01:1.0</cbc:CustomizationID><cbc:ID>INV-803705</cbc:ID><cbc:IssueDate>2026-01-01</cbc:IssueDate><cbc:DocumentCurrencyCode>EUR</cbc:DocumentCurrencyCode><cac:AccountingSupplierParty><cac:Party><cbc:EndpointID schemeID=""0088"">4912771693683</cbc:EndpointID></cac:Party></cac:AccountingSupplierParty><cac:LegalMonetaryTotal><cbc:PayableAmount currencyID=""EUR"">100.00</cbc:PayableAmount></cac:LegalMonetaryTotal></Invoice>"
INV-760469,Peppol BIS Billing 3.0,"<Invoice xmlns=""urn:oasis:names:specification:ubl:schema:xsd:Invoice-2""><cbc:CustomizationID>urn:fdc:peppol.eu:2017:poacc:billing:01:1.0</cbc:CustomizationID><cbc:ID>INV-760469</cbc:ID><cbc:IssueDate>2026-01-01</cbc:IssueDate><cbc:DocumentCurrencyCode>EUR</cbc:DocumentCurrencyCode><cac:AccountingSupplierParty><cac:Party><cbc:EndpointID schemeID=""0088"">0148030654233</cbc:EndpointID></cac:Party></cac:AccountingSupplierParty><cac:LegalMonetaryTotal><cbc:PayableAmount currencyID=""EUR"">100.00</cbc:PayableAmount></cac:LegalMonetaryTotal></Invoice>"
INV-822000,Peppol BIS Billing 3.0,"<Invoice xmlns=""urn:oasis:names:specification:ubl:schema:xsd:Invoice-2""><cbc:CustomizationID>urn:fdc:peppol.eu:2017:poacc:billing:01:1.0</cbc:CustomizationID><cbc:ID>INV-822000</cbc:ID><cbc:IssueDate>2026-01-01</cbc:IssueDate><cbc:DocumentCurrencyCode>EUR</cbc:DocumentCurrencyCode><cac:AccountingSupplierParty><cac:Party><cbc:EndpointID schemeID=""0088"">0505949867045</cbc:EndpointID></cac:Party></cac:AccountingSupplierParty><cac:LegalMonetaryTotal><cbc:PayableAmount currencyID=""EUR"">100.00</cbc:PayableAmount></cac:LegalMonetaryTotal></Invoice>"
INV-964108,Peppol BIS Billing 3.0,"<Invoice xmlns=""urn:oasis:names:specification:ubl:schema:xsd:Invoice-2""><cbc:CustomizationID>urn:fdc:peppol.eu:2017:poacc:billing:01:1.0</cbc:CustomizationID><cbc:ID>INV-964108</cbc:ID><cbc:IssueDate>2026-01-01</cbc:IssueDate><cbc:DocumentCurrencyCode>EUR</cbc:DocumentCurrencyCode><cac:AccountingSupplierParty><cac:Party><cbc:EndpointID schemeID=""0088"">8128271708852</cbc:EndpointID></cac:Party></cac:AccountingSupplierParty><cac:LegalMonetaryTotal><cbc:PayableAmount currencyID=""EUR"">100.00</cbc:PayableAmount></cac:LegalMonetaryTotal></Invoice>"
INV-899222,Peppol BIS Billing 3.0,"<Invoice xmlns=""urn:oasis:names:specification:ubl:schema:xsd:Invoice-2""><cbc:CustomizationID>urn:fdc:peppol.eu:2017:poacc:billing:01:1.0</cbc:CustomizationID><cbc:ID>INV-899222</cbc:ID><cbc:IssueDate>2026-01-01</cbc:IssueDate><cbc:DocumentCurrencyCode>EUR</cbc:DocumentCurrencyCode><cac:AccountingSupplierParty><cac:Party><cbc:EndpointID schemeID=""0088"">4716438267347</cbc:EndpointID></cac:Party></cac:AccountingSupplierParty><cac:LegalMonetaryTotal><cbc:PayableAmount currencyID=""EUR"">100.00</cbc:PayableAmount></cac:LegalMonetaryTotal></Invoice>"
INV-569945,Peppol BIS Billing 3.0,"<Invoice xmlns=""urn:oasis:names:specification:ubl:schema:xsd:Invoice-2""><cbc:CustomizationID>urn:fdc:peppol.eu:2017:poacc:billing:01:1.0</cbc:CustomizationID><cbc:ID>INV-569945</cbc:ID><cbc:IssueDate>2026-01-01</cbc:IssueDate><cbc:DocumentCurrencyCode>EUR</cbc:DocumentCurrencyCode><cac:AccountingSupplierParty><cac:Party><cbc:EndpointID schemeID=""0088"">0569723413329</cbc:EndpointID></cac:Party></cac:AccountingSupplierParty><cac:LegalMonetaryTotal><cbc:PayableAmount currencyID=""EUR"">100.00</cbc:PayableAmount></cac:LegalMonetaryTotal></Invoice>"
INV-007083,Peppol BIS Billing 3.0,"<Invoice xmlns=""urn:oasis:names:specification:ubl:schema:xsd:Invoice-2""><cbc:CustomizationID>urn:fdc:peppol.eu:2017:poacc:billing:01:1.0</cbc:CustomizationID><cbc:ID>INV-007083</cbc:ID><cbc:IssueDate>2026-01-01</cbc:IssueDate><cbc:DocumentCurrencyCode>EUR</cbc:DocumentCurrencyCode><cac:AccountingSupplierParty><cac:Party><cbc:EndpointID schemeID=""0088"">9423842358232</cbc:EndpointID></cac:Party></cac:AccountingSupplierParty><cac:LegalMonetaryTotal><cbc:PayableAmount currencyID=""EUR"">100.00</cbc:PayableAmount></cac:LegalMonetaryTotal></Invoice>"
INV-412718,Peppol BIS Billing 3.0,"<Invoice xmlns=""urn:oasis:names:specification:ubl:schema:xsd:Invoice-2""><cbc:CustomizationID>urn:fdc:peppol.eu:2017:poacc:billing:01:1.0</cbc:CustomizationID><cbc:ID>INV-412718</cbc:ID><cbc:IssueDate>2026-01-01</cbc:IssueDate><cbc:DocumentCurrencyCode>EUR</cbc:DocumentCurrencyCode><cac:AccountingSupplierParty><cac:Party><cbc:EndpointID schemeID=""0088"">8770986170693</cbc:EndpointID></cac:Party></cac:AccountingSupplierParty><cac:LegalMonetaryTotal><cbc:PayableAmount currencyID=""EUR"">100.00</cbc:PayableAmount></cac:LegalMonetaryTotal></Invoice>"
INV-303728,Peppol BIS Billing 3.0,"<Invoice xmlns=""urn:oasis:names:specification:ubl:schema:xsd:Invoice-2""><cbc:CustomizationID>urn:fdc:peppol.eu:2017:poacc:billing:01:1.0</cbc:CustomizationID><cbc:ID>INV-303728</cbc:ID><cbc:IssueDate>2026-01-01</cbc:IssueDate><cbc:DocumentCurrencyCode>EUR</cbc:DocumentCurrencyCode><cac:AccountingSupplierParty><cac:Party><cbc:EndpointID schemeID=""0088"">1915699321028</cbc:EndpointID></cac:Party></cac:AccountingSupplierParty><cac:LegalMonetaryTotal><cbc:PayableAmount currencyID=""EUR"">100.00</cbc:PayableAmount></cac:LegalMonetaryTotal></Invoice>"
INV-682406,Peppol BIS Billing 3.0,"<Invoice xmlns=""urn:oasis:names:specification:ubl:schema:xsd:Invoice-2""><cbc:CustomizationID>urn:fdc:peppol.eu:2017:poacc:billing:01:1.0</cbc:CustomizationID><cbc:ID>INV-682406</cbc:ID><cbc:IssueDate>2026-01-01</cbc:IssueDate><cbc:DocumentCurrencyCode>EUR</cbc:DocumentCurrencyCode><cac:AccountingSupplierParty><cac:Party><cbc:EndpointID schemeID=""0088"">6549845012573</cbc:EndpointID></cac:Party></cac:AccountingSupplierParty><cac:LegalMonetaryTotal><cbc:PayableAmount currencyID=""EUR"">100.00</cbc:PayableAmount></cac:LegalMonetaryTotal></Invoice>"
INV-087845,Peppol BIS Billing 3.0,"<Invoice xmlns=""urn:oasis:names:specification:ubl:schema:xsd:Invoice-2""><cbc:CustomizationID>urn:fdc:peppol.eu:2017:poacc:billing:01:1.0</cbc:CustomizationID><cbc:ID>INV-087845</cbc:ID><cbc:IssueDate>2026-01-01</cbc:IssueDate><cbc:DocumentCurrencyCode>EUR</cbc:DocumentCurrencyCode><cac:AccountingSupplierParty><cac:Party><cbc:EndpointID schemeID=""0088"">9245523837564</cbc:EndpointID></cac:Party></cac:AccountingSupplierParty><cac:LegalMonetaryTotal><cbc:PayableAmount currencyID=""EUR"">100.00</cbc:PayableAmount></cac:LegalMonetaryTotal></Invoice>"
INV-876803,Peppol BIS Billing 3.0,"<Invoice xmlns=""urn:oasis:names:specification:ubl:schema:xsd:Invoice-2""><cbc:CustomizationID>urn:fdc:peppol.eu:2017:poacc:billing:01:1.0</cbc:CustomizationID><cbc:ID>INV-876803</cbc:ID><cbc:IssueDate>2026-01-01</cbc:IssueDate><cbc:DocumentCurrencyCode>EUR</cbc:DocumentCurrencyCode><cac:AccountingSupplierParty><cac:Party><cbc:EndpointID schemeID=""0088"">2680138039782</cbc:EndpointID></cac:Party></cac:AccountingSupplierParty><cac:LegalMonetaryTotal><cbc:PayableAmount currencyID=""EUR"">100.00</cbc:PayableAmount></cac:LegalMonetaryTotal></Invoice>"
INV-856094,Peppol BIS Billing 3.0,"<Invoice xmlns=""urn:oasis:names:specification:ubl:schema:xsd:Invoice-2""><cbc:CustomizationID>urn:fdc:peppol.eu:2017:poacc:billing:01:1.0</cbc:CustomizationID><cbc:ID>INV-856094</cbc:ID><cbc:IssueDate>2026-01-01</cbc:IssueDate><cbc:DocumentCurrencyCode>EUR</cbc:DocumentCurrencyCode><cac:AccountingSupplierParty><cac:Party><cbc:EndpointID schemeID=""0088"">6055885585359</cbc:EndpointID></cac:Party></cac:AccountingSupplierParty><cac:LegalMonetaryTotal><cbc:PayableAmount currencyID=""EUR"">100.00</cbc:PayableAmount></cac:LegalMonetaryTotal></Invoice>"
INV-460865,Peppol BIS Billing 3.0,"<Invoice xmlns=""urn:oasis:names:specification:ubl:schema:xsd:Invoice-2""><cbc:CustomizationID>urn:fdc:peppol.eu:2017:poacc:billing:01:1.0</cbc:CustomizationID><cbc:ID>INV-460865</cbc:ID><cbc:IssueDate>2026-01-01</cbc:IssueDate><cbc:DocumentCurrencyCode>EUR</cbc:DocumentCurrencyCode><cac:AccountingSupplierParty><cac:Party><cbc:EndpointID schemeID=""0088"">0938689175606</cbc:EndpointID></cac:Party></cac:AccountingSupplierParty><cac:LegalMonetaryTotal><cbc:PayableAmount currencyID=""EUR"">100.00</cbc:PayableAmount></cac:LegalMonetaryTotal></Invoice>"
INV-205729,Peppol BIS Billing 3.0,"<Invoice xmlns=""urn:oasis:names:specification:ubl:schema:xsd:Invoice-2""><cbc:CustomizationID>urn:fdc:peppol.eu:2017:poacc:billing:01:1.0</cbc:CustomizationID><cbc:ID>INV-205729</cbc:ID><cbc:IssueDate>2026-01-01</cbc:IssueDate><cbc:DocumentCurrencyCode>EUR</cbc:DocumentCurrencyCode><cac:AccountingSupplierParty><cac:Party><cbc:EndpointID schemeID=""0088"">5862192043371</cbc:EndpointID></cac:Party></cac:AccountingSupplierParty><cac:LegalMonetaryTotal><cbc:PayableAmount currencyID=""EUR"">100.00</cbc:PayableAmount></cac:LegalMonetaryTotal></Invoice>"
INV-797238,Peppol BIS Billing 3.0,"<Invoice xmlns=""urn:oasis:names:specification:ubl:schema:xsd:Invoice-2""><cbc:CustomizationID>urn:fdc:peppol.eu:2017:poacc:billing:01:1.0</cbc:CustomizationID><cbc:ID>INV-797238</cbc:ID><cbc:IssueDate>2026-01-01</cbc:IssueDate><cbc:DocumentCurrencyCode>EUR</cbc:DocumentCurrencyCode><cac:AccountingSupplierParty><cac:Party><cbc:EndpointID schemeID=""0088"">2279325178587</cbc:EndpointID></cac:Party></cac:AccountingSupplierParty><cac:LegalMonetaryTotal><cbc:PayableAmount currencyID=""EUR"">100.00</cbc:PayableAmount></cac:LegalMonetaryTotal></Invoice>"
INV-853776,Peppol BIS Billing 3.0,"<Invoice xmlns=""urn:oasis:names:specification:ubl:schema:xsd:Invoice-2""><cbc:CustomizationID>urn:fdc:peppol.eu:2017:poacc:billing:01:1.0</cbc:CustomizationID><cbc:ID>INV-853776</cbc:ID><cbc:IssueDate>2026-01-01</cbc:IssueDate><cbc:DocumentCurrencyCode>EUR</cbc:DocumentCurrencyCode><cac:AccountingSupplierParty><cac:Party><cbc:EndpointID schemeID=""0088"">4996601732150</cbc:EndpointID></cac:Party></cac:AccountingSupplierParty><cac:LegalMonetaryTotal><cbc:PayableAmount currencyID=""EUR"">100.00</cbc:PayableAmount></cac:LegalMonetaryTotal></Invoice>"
INV-646937,Peppol BIS Billing 3.0,"<Invoice xmlns=""urn:oasis:names:specification:ubl:schema:xsd:Invoice-2""><cbc:CustomizationID>urn:fdc:peppol.eu:2017:poacc:billing:01:1.0</cbc:CustomizationID><cbc:ID>INV-646937</cbc:ID><cbc:IssueDate>2026-01-01</cbc:IssueDate><cbc:DocumentCurrencyCode>EUR</cbc:DocumentCurrencyCode><cac:AccountingSupplierParty><cac:Party><cbc:EndpointID schemeID=""0088"">4055780872271</cbc:EndpointID></cac:Party></cac:AccountingSupplierParty><cac:LegalMonetaryTotal><cbc:PayableAmount currencyID=""EUR"">100.00</cbc:PayableAmount></cac:LegalMonetaryTotal></Invoice>"
INV-725859,Peppol BIS Billing 3.0,"<Invoice xmlns=""urn:oasis:names:specification:ubl:schema:xsd:Invoice-2""><cbc:CustomizationID>urn:fdc:peppol.eu:2017:poacc:billing:01:1.0</cbc:CustomizationID><cbc:ID>INV-725859</cbc:ID><cbc:IssueDate>2026-01-01</cbc:IssueDate><cbc:DocumentCurrencyCode>EUR</cbc:DocumentCurrencyCode><cac:AccountingSupplierParty><cac:Party><cbc:EndpointID schemeID=""0088"">2988003870687</cbc:EndpointID></cac:Party></cac:AccountingSupplierParty><cac:LegalMonetaryTotal><cbc:PayableAmount currencyID=""EUR"">100.00</cbc:PayableAmount></cac:LegalMonetaryTotal></Invoice>"
INV-289461,Peppol BIS Billing 3.0,"<Invoice xmlns=""urn:oasis:names:specification:ubl:schema:xsd:Invoice-2""><cbc:CustomizationID>urn:fdc:peppol.eu:2017:poacc:billing:01:1.0</cbc:CustomizationID><cbc:ID>INV-289461</cbc:ID><cbc:IssueDate>2026-01-01</cbc:IssueDate><cbc:DocumentCurrencyCode>EUR</cbc:DocumentCurrencyCode><cac:AccountingSupplierParty><cac:Party><cbc:EndpointID schemeID=""0088"">8890010848913</cbc:EndpointID></cac:Party></cac:AccountingSupplierParty><cac:LegalMonetaryTotal><cbc:PayableAmount currencyID=""EUR"">100.00</cbc:PayableAmount></cac:LegalMonetaryTotal></Invoice>"
INV-460827,Peppol BIS Billing 3.0,"<Invoice xmlns=""urn:oasis:names:specification:ubl:schema:xsd:Invoice-2""><cbc:CustomizationID>urn:fdc:peppol.eu:2017:poacc:billing:01:1.0</cbc:CustomizationID><cbc:ID>INV-460827</cbc:ID><cbc:IssueDate>2026-01-01</cbc:IssueDate><cbc:DocumentCurrencyCode>EUR</cbc:DocumentCurrencyCode><cac:AccountingSupplierParty><cac:Party><cbc:EndpointID schemeID=""0088"">2148098007091</cbc:EndpointID></cac:Party></cac:AccountingSupplierParty><cac:LegalMonetaryTotal><cbc:PayableAmount currencyID=""EUR"">100.00</cbc:PayableAmount></cac:LegalMonetaryTotal></Invoice>"
INV-068175,Peppol BIS Billing 3.0,"<Invoice xmlns=""urn:oasis:names:specification:ubl:schema:xsd:Invoice-2""><cbc:CustomizationID>urn:fdc:peppol.eu:2017:poacc:billing:01:1.0</cbc:CustomizationID><cbc:ID>INV-068175</cbc:ID><cbc:IssueDate>2026-01-01</cbc:IssueDate><cbc:DocumentCurrencyCode>EUR</cbc:DocumentCurrencyCode><cac:AccountingSupplierParty><cac:Party><cbc:EndpointID schemeID=""0088"">2689313984979</cbc:EndpointID></cac:Party></cac:AccountingSupplierParty><cac:LegalMonetaryTotal><cbc:PayableAmount currencyID=""EUR"">100.00</cbc:PayableAmount></cac:LegalMonetaryTotal></Invoice>"
INV-149254,Peppol BIS Billing 3.0,"<Invoice xmlns=""urn:oasis:names:specification:ubl:schema:xsd:Invoice-2""><cbc:CustomizationID>urn:fdc:peppol.eu:2017:poacc:billing:01:1.0</cbc:CustomizationID><cbc:ID>INV-149254</cbc:ID><cbc:IssueDate>2026-01-01</cbc:IssueDate><cbc:DocumentCurrencyCode>EUR</cbc:DocumentCurrencyCode><cac:AccountingSupplierParty><cac:Party><cbc:EndpointID schemeID=""0088"">9534789362436</cbc:EndpointID></cac:Party></cac:AccountingSupplierParty><cac:LegalMonetaryTotal><cbc:PayableAmount currencyID=""EUR"">100.00</cbc:PayableAmount></cac:LegalMonetaryTotal></Invoice>"
INV-314111,Peppol BIS Billing 3.0,"<Invoice xmlns=""urn:oasis:names:specification:ubl:schema:xsd:Invoice-2""><cbc:CustomizationID>urn:fdc:peppol.eu:2017:poacc:billing:01:1.0</cbc:CustomizationID><cbc:ID>INV-314111</cbc:ID><cbc:IssueDate>2026-01-01</cbc:IssueDate><cbc:DocumentCurrencyCode>EUR</cbc:DocumentCurrencyCode><cac:AccountingSupplierParty><cac:Party><cbc:EndpointID schemeID=""0088"">6856929347847</cbc:EndpointID></cac:Party></cac:AccountingSupplierParty><cac:LegalMonetaryTotal><cbc:PayableAmount currencyID=""EUR"">100.00</cbc:PayableAmount></cac:LegalMonetaryTotal></Invoice>"
INV-804024,Peppol BIS Billing 3.0,"<Invoice xmlns=""urn:oasis:names:specification:ubl:schema:xsd:Invoice-2""><cbc:CustomizationID>urn:fdc:peppol.eu:2017:poacc:billing:01:1.0</cbc:CustomizationID><cbc:ID>INV-804024</cbc:ID><cbc:IssueDate>2026-01-01</cbc:IssueDate><cbc:DocumentCurrencyCode>EUR</cbc:DocumentCurrencyCode><cac:AccountingSupplierParty><cac:Party><cbc:EndpointID schemeID=""0088"">0857790724813</cbc:EndpointID></cac:Party></cac:AccountingSupplierParty><cac:LegalMonetaryTotal><cbc:PayableAmount currencyID=""EUR"">100.00</cbc:PayableAmount></cac:LegalMonetaryTotal></Invoice>"
INV-367184,Peppol BIS Billing 3.0,"<Invoice xmlns=""urn:oasis:names:specification:ubl:schema:xsd:Invoice-2""><cbc:CustomizationID>urn:fdc:peppol.eu:2017:poacc:billing:01:1.0</cbc:CustomizationID><cbc:ID>INV-367184</cbc:ID><cbc:IssueDate>2026-01-01</cbc:IssueDate><cbc:DocumentCurrencyCode>EUR</cbc:DocumentCurrencyCode><cac:AccountingSupplierParty><cac:Party><cbc:EndpointID schemeID=""0088"">7551144625912</cbc:EndpointID></cac:Party></cac:AccountingSupplierParty><cac:LegalMonetaryTotal><cbc:PayableAmount currencyID=""EUR"">100.00</cbc:PayableAmount></cac:LegalMonetaryTotal></Invoice>"
INV-043451,Peppol BIS Billing 3.0,"<Invoice xmlns=""urn:oasis:names:specification:ubl:schema:xsd:Invoice-2""><cbc:CustomizationID>urn:fdc:peppol.eu:2017:poacc:billing:01:1.0</cbc:CustomizationID><cbc:ID>INV-043451</cbc:ID><cbc:IssueDate>2026-01-01</cbc:IssueDate><cbc:DocumentCurrencyCode>EUR</cbc:DocumentCurrencyCode><cac:AccountingSupplierParty><cac:Party><cbc:EndpointID schemeID=""0088"">8624932486566</cbc:EndpointID></cac:Party></cac:AccountingSupplierParty><cac:LegalMonetaryTotal><cbc:PayableAmount currencyID=""EUR"">100.00</cbc:PayableAmount></cac:LegalMonetaryTotal></Invoice>"
INV-682976,Peppol BIS Billing 3.0,"<Invoice xmlns=""urn:oasis:names:specification:ubl:schema:xsd:Invoice-2""><cbc:CustomizationID>urn:fdc:peppol.eu:2017:poacc:billing:01:1.0</cbc:CustomizationID><cbc:ID>INV-682976</cbc:ID><cbc:IssueDate>2026-01-01</cbc:IssueDate><cbc:DocumentCurrencyCode>EUR</cbc:DocumentCurrencyCode><cac:AccountingSupplierParty><cac:Party><cbc:EndpointID schemeID=""0088"">4771554057689</cbc:EndpointID></cac:Party></cac:AccountingSupplierParty><cac:LegalMonetaryTotal><cbc:PayableAmount currencyID=""EUR"">100.00</cbc:PayableAmount></cac:LegalMonetaryTotal></Invoice>"
INV-684399,Peppol BIS Billing 3.0,"<Invoice xmlns=""urn:oasis:names:specification:ubl:schema:xsd:Invoice-2""><cbc:CustomizationID>urn:fdc:peppol.eu:2017:poacc:billing:01:1.0</cbc:CustomizationID><cbc:ID>INV-684399</cbc:ID><cbc:IssueDate>2026-01-01</cbc:IssueDate><cbc:DocumentCurrencyCode>EUR</cbc:DocumentCurrencyCode><cac:AccountingSupplierParty><cac:Party><cbc:EndpointID schemeID=""0088"">6977469757769</cbc:EndpointID></cac:Party></cac:AccountingSupplierParty><cac:LegalMonetaryTotal><cbc:PayableAmount currencyID=""EUR"">100.00</cbc:PayableAmount></cac:LegalMonetaryTotal></Invoice>"
INV-325975,Peppol BIS Billing 3.0,"<Invoice xmlns=""urn:oasis:names:specification:ubl:schema:xsd:Invoice-2""><cbc:CustomizationID>urn:fdc:peppol.eu:2017:poacc:billing:01:1.0</cbc:CustomizationID><cbc:ID>INV-325975</cbc:ID><cbc:IssueDate>2026-01-01</cbc:IssueDate><cbc:DocumentCurrencyCode>EUR</cbc:DocumentCurrencyCode><cac:AccountingSupplierParty><cac:Party><cbc:EndpointID schemeID=""0088"">1456611845166</cbc:EndpointID></cac:Party></cac:AccountingSupplierParty><cac:LegalMonetaryTotal><cbc:PayableAmount currencyID=""EUR"">100.00</cbc:PayableAmount></cac:LegalMonetaryTotal></Invoice>"
